Workbook

Sheet FM_Dashboard
A1: AKESI | B1: AKESI SCHOOLS | FACILITY MANAGEMENT MIS DASHBOARD
A2: SCHOOLS · FM | B2: ="Calendar 2026 • live MIS data Jan-26 to "&MIS_Calc!$B$7&" • Electricity · Solar · Water · Repairs · Generators · AMC · Water tests • 10 schools • "&TEXT(MIS_Calc!$N$92,"#,##0")&" pupils (2026 average)" -> Calendar 2026 • live MIS data Jan-26 to Sep-26 • Electricity · Solar · Water · Repairs · Generators · AMC · Water tests • 10 schools • 6,788 pupils (2026 average)
B4: MONTH | H4: SCHOOL | P4: ="Showing: "&MIS_Calc!$B$3&" • School: "&MIS_Calc!$B$4&" • Latest data "&MIS_Calc!$B$7&" (all 10 schools reported to "&MIS_Calc!$B$9&")" -> Showing: Sep-26 • School: All Schools • Latest data Sep-26 (all 10 schools reported to Jul-26)
A5: ▶ FM Dashboard | B5: 📅 Select ▸ | D5: Sep-26 | H5: 🏫 Drill ▸ | J5: All Schools | P5: Pick a month (or 2026 YTD) and a school from the yellow drop-downs. Cards, charts and the scorecard follow the selection. 'vs prev month' compares with the month before; YTD averages use only months with data.
A7: Electricity | B7: ⚡ GRID ENERGY (kWh) | F7: ₹ ENERGY BILL (₹ Lakh) | J7: ☀ SOLAR GENERATION (kWh) | N7: 💧 WATER CONSUMED (kL) | R7: 🚰 WATER PER PUPIL (L / pupil / day) | V7: 🎓 ENERGY PER PUPIL (kWh / pupil / month)
B8: =IF(MIS_Calc!$E$292="","NO DATA",MIS_Calc!$E$292) -> 20775 | F8: =IF(MIS_Calc!$E$293="","NO DATA",MIS_Calc!$E$293/100000) -> 2.56238 | J8: =IF(MIS_Calc!$E$294="","NO DATA",MIS_Calc!$E$294) -> 7494 | N8: =IF(MIS_Calc!$E$295="","NO DATA",MIS_Calc!$E$295/1000) -> 3046.376 | R8: =IF(MIS_Calc!$E$304="","NO DATA",MIS_Calc!$E$304) -> 15.931262 | V8: =IF(MIS_Calc!$E$306="","NO DATA",MIS_Calc!$E$306) -> 6.4618974
A9: Water | B9: =IF(MIS_Calc!$E$292="","no data for this selection",IF(MIS_Calc!$B$5=13,"Avg/month "&TEXT(MIS_Calc!$H$292,"#,##0")&" • "&MIS_Calc!$K$292&" months logged",IF(MIS_Calc!$I$292="","vs prev month –","vs prev month "&TEXT(MIS_Calc!$I$292,"+0%;-0%;0%"))&IF(MIS_Calc!$B$6=11," • "&MIS_Calc!$K$292&" of 10 schools reported",""))) -> vs prev month -65% • 5 of 10 schools reported | F9: =IF(MIS_Calc!$E$293="","no data for this selection",IF(MIS_Calc!$E$305="","","₹"&TEXT(MIS_Calc!$E$305,"0.00")&"/kWh • ")&IF(MIS_Calc!$B$5=13,"Avg/month ₹"&TEXT(MIS_Calc!$H$293/100000,"0.0")&" L",IF(MIS_Calc!$I$293="","vs prev month –","vs prev month "&TEXT(MIS_Calc!$I$293,"+0%;-0%;0%")))) -> ₹12.33/kWh • vs prev month -63% | J9: =IF(MIS_Calc!$E$294="","no data for this selection",IF(MIS_Calc!$B$5=13,"Avg/month "&TEXT(MIS_Calc!$H$294,"#,##0"),IF(MIS_Calc!$I$294="","vs prev month –","vs prev month "&TEXT(MIS_Calc!$I$294,"+0%;-0%;0%")))&IF(MIS_Calc!$B$6=11," • sites: AKSM, AKSC, AKHH","")) -> vs prev month -75% • sites: AKSM, AKSC, AKHH | N9: =IF(MIS_Calc!$E$295="","no data for this selection",IF(MIS_Calc!$B$5=13,"Avg/month "&TEXT(MIS_Calc!$H$295/1000,"#,##0")&" • "&MIS_Calc!$K$295&" months logged",IF(MIS_Calc!$I$295="","vs prev month –","vs prev month "&TEXT(MIS_Calc!$I$295,"+0%;-0%;0%"))&IF(MIS_Calc!$B$6=11," • "&MIS_Calc!$K$295&" of 10 schools reported",""))) -> vs prev month -9% • 8 of 10 schools reported | R9: =IF(MIS_Calc!$E$304="","no data for this selection","Pupils "&TEXT(MIS_Calc!$E$296,"#,##0")&" • 2026 YTD "&IF(MIS_Calc!$G$304="","–",TEXT(MIS_Calc!$G$304,"0.0"))&" L") -> Pupils 6,374 • 2026 YTD 14.5 L | V9: =IF(MIS_Calc!$E$306="","no data for this selection","2026 YTD "&IF(MIS_Calc!$G$306="","–",TEXT(MIS_Calc!$G$306,"0.0"))&" • bill ₹"&IFERROR(TEXT(MIS_Calc!$E$293/MIS_Calc!$E$298,"#,##0"),"–")&" per pupil") -> 2026 YTD 6.9 • bill ₹80 per pupil
A11: Repairs | B11: 🔧 REPAIR TICKETS | F11: ₹ REPAIR SPEND (₹ '000) | J11: ⛽ GENERATOR DIESEL (L) | N11: 📄 AMC CONTRACTS ACTIVE | R11: 🧪 WATER TESTS ABOVE LIMIT | V11: 📊 DATA COVERAGE
B12: =IF(MIS_Calc!$E$299="","NO DATA",MIS_Calc!$E$299) -> 96 | F12: =IF(MIS_Calc!$E$300="","NO DATA",MIS_Calc!$E$300/1000) -> 75.728 | J12: =IF(MIS_Calc!$E$302="","NO DATA",MIS_Calc!$E$302) -> 60 | N12: =MIS_Calc!$C$367+MIS_Calc!$C$368+MIS_Calc!$C$369 -> 16 | R12: =MIS_Calc!$C$378 -> 94 | V12: =IF(MIS_Calc!$E$307="","NO DATA",MIS_Calc!$E$307) -> 0.65
A13: Generators | B13: =IF(MIS_Calc!$E$299="","no data for this selection",IF(MIS_Calc!$B$5=13,"Avg/month "&TEXT(MIS_Calc!$H$299,"#,##0"),IF(MIS_Calc!$I$299="","vs prev month –","vs prev month "&TEXT(MIS_Calc!$I$299,"+0%;-0%;0%")))&IF(OR(MIS_Calc!$B$6=6,MIS_Calc!$B$6=7)," • DJHSH PRI + HS combined","")) -> vs prev month -26% | F13: =IF(MIS_Calc!$E$300="","no data for this selection",IF(MIS_Calc!$B$5=13,"Avg/month ₹"&TEXT(MIS_Calc!$H$300/1000,"#,##0.0")&"k",IF(MIS_Calc!$I$300="","vs prev month –","vs prev month "&TEXT(MIS_Calc!$I$300,"+0%;-0%;0%")))&" • 2026 YTD ₹"&TEXT(MIS_Calc!$G$300/100000,"0.0")&" L") -> vs prev month -57% • 2026 YTD ₹16.0 L | J13: =IF(MIS_Calc!$E$302="","no generator log for this selection","Units "&IF(MIS_Calc!$E$301="","–",TEXT(MIS_Calc!$E$301,"#,##0"))&" kWh • run "&IF(MIS_Calc!$E$303="","–",TEXT(MIS_Calc!$E$303,"0.0"))&" h"&IF(MIS_Calc!$B$6=11," • 3 generators","")) -> Units 149 kWh • run 29.1 h • 3 generators | N13: ="Expired "&MIS_Calc!$C$370&" • due ≤90 d "&(MIS_Calc!$C$368+MIS_Calc!$C$369)&" • incomplete "&MIS_Calc!$C$371&" of "&MIS_Calc!$C$373 -> Expired 12 • due ≤90 d 4 • incomplete 42 of 71 | R13: ="of "&MIS_Calc!$C$380&" results • drinking / RO points "&MIS_Calc!$C$379 -> of 532 results • drinking / RO points 4 | V13: =IF(MIS_Calc!$B$5=13,"Jan-26 to "&MIS_Calc!$B$7&" • electricity + water","Electricity "&MIS_Calc!$F$307&"/10 • water "&MIS_Calc!$G$307&"/10 schools") -> Electricity 5/10 • water 8/10 schools
A15: Water Tests
A17: AMC Log
A19: Check List
A21: Config
A23: Audit Control
A25: KPI Engine
A27: Summary
A29: Calc engine
B72: 🏫 SCHOOL SCORECARD (month filter applies • selected school highlighted • DJHSH repairs are logged for PRI + HS together • AMC expired is as of the audit date in CONFIG)
B73: School | F73: Grid kWh | H73: Bill ₹ | J73: ₹ / kWh | L73: kWh / pupil / month | N73: Water kL | P73: L / pupil / day | R73: Pupils | T73: Repair tickets | V73: Repair spend ₹ | X73: AMC expired
B74: =MIS_Calc!$A$387 -> DJHSM | F74: =IF(MIS_Calc!$B$387="","–",MIS_Calc!$B$387) -> – | H74: =IF(MIS_Calc!$C$387="","–",MIS_Calc!$C$387) -> – | J74: =IF(MIS_Calc!$D$387="","–",MIS_Calc!$D$387) -> – | L74: =IF(MIS_Calc!$E$387="","–",MIS_Calc!$E$387) -> – | N74: =IF(MIS_Calc!$F$387="","–",MIS_Calc!$F$387) -> 42.3 | P74: =IF(MIS_Calc!$G$387="","–",MIS_Calc!$G$387) -> 1.1681856 | R74: =IF(MIS_Calc!$H$387="","–",MIS_Calc!$H$387) -> 1207 | T74: =IF(MIS_Calc!$I$387="","–",MIS_Calc!$I$387) -> – | V74: =IF(MIS_Calc!$J$387="","–",MIS_Calc!$J$387) -> – | X74: =IF(MIS_Calc!$K$387="","–",MIS_Calc!$K$387) -> 1
B75: =MIS_Calc!$A$388 -> DJG | F75: =IF(MIS_Calc!$B$388="","–",MIS_Calc!$B$388) -> 3820 | H75: =IF(MIS_Calc!$C$388="","–",MIS_Calc!$C$388) -> 43607 | J75: =IF(MIS_Calc!$D$388="","–",MIS_Calc!$D$388) -> 11.415445 | L75: =IF(MIS_Calc!$E$388="","–",MIS_Calc!$E$388) -> 3.745098 | N75: =IF(MIS_Calc!$F$388="","–",MIS_Calc!$F$388) -> 13.436 | P75: =IF(MIS_Calc!$G$388="","–",MIS_Calc!$G$388) -> 0.43908497 | R75: =IF(MIS_Calc!$H$388="","–",MIS_Calc!$H$388) -> 1020 | T75: =IF(MIS_Calc!$I$388="","–",MIS_Calc!$I$388) -> 3 | V75: =IF(MIS_Calc!$J$388="","–",MIS_Calc!$J$388) -> 37240 | X75: =IF(MIS_Calc!$K$388="","–",MIS_Calc!$K$388) -> 0
B76: =MIS_Calc!$A$389 -> AKSM | F76: =IF(MIS_Calc!$B$389="","–",MIS_Calc!$B$389) -> – | H76: =IF(MIS_Calc!$C$389="","–",MIS_Calc!$C$389) -> – | J76: =IF(MIS_Calc!$D$389="","–",MIS_Calc!$D$389) -> – | L76: =IF(MIS_Calc!$E$389="","–",MIS_Calc!$E$389) -> – | N76: =IF(MIS_Calc!$F$389="","–",MIS_Calc!$F$389) -> – | P76: =IF(MIS_Calc!$G$389="","–",MIS_Calc!$G$389) -> – | R76: =IF(MIS_Calc!$H$389="","–",MIS_Calc!$H$389) -> – | T76: =IF(MIS_Calc!$I$389="","–",MIS_Calc!$I$389) -> – | V76: =IF(MIS_Calc!$J$389="","–",MIS_Calc!$J$389) -> – | X76: =IF(MIS_Calc!$K$389="","–",MIS_Calc!$K$389) -> 2
B77: =MIS_Calc!$A$390 -> AKSS | F77: =IF(MIS_Calc!$B$390="","–",MIS_Calc!$B$390) -> – | H77: =IF(MIS_Calc!$C$390="","–",MIS_Calc!$C$390) -> – | J77: =IF(MIS_Calc!$D$390="","–",MIS_Calc!$D$390) -> – | L77: =IF(MIS_Calc!$E$390="","–",MIS_Calc!$E$390) -> – | N77: =IF(MIS_Calc!$F$390="","–",MIS_Calc!$F$390) -> 27.9 | P77: =IF(MIS_Calc!$G$390="","–",MIS_Calc!$G$390) -> 1.754717 | R77: =IF(MIS_Calc!$H$390="","–",MIS_Calc!$H$390) -> 530 | T77: =IF(MIS_Calc!$I$390="","–",MIS_Calc!$I$390) -> 3 | V77: =IF(MIS_Calc!$J$390="","–",MIS_Calc!$J$390) -> 6020 | X77: =IF(MIS_Calc!$K$390="","–",MIS_Calc!$K$390) -> 0
B78: =MIS_Calc!$A$391 -> AKSC | F78: =IF(MIS_Calc!$B$391="","–",MIS_Calc!$B$391) -> – | H78: =IF(MIS_Calc!$C$391="","–",MIS_Calc!$C$391) -> – | J78: =IF(MIS_Calc!$D$391="","–",MIS_Calc!$D$391) -> – | L78: =IF(MIS_Calc!$E$391="","–",MIS_Calc!$E$391) -> – | N78: =IF(MIS_Calc!$F$391="","–",MIS_Calc!$F$391) -> – | P78: =IF(MIS_Calc!$G$391="","–",MIS_Calc!$G$391) -> – | R78: =IF(MIS_Calc!$H$391="","–",MIS_Calc!$H$391) -> – | T78: =IF(MIS_Calc!$I$391="","–",MIS_Calc!$I$391) -> – | V78: =IF(MIS_Calc!$J$391="","–",MIS_Calc!$J$391) -> – | X78: =IF(MIS_Calc!$K$391="","–",MIS_Calc!$K$391) -> 0
B79: =MIS_Calc!$A$392 -> DJHSH (PRI) | F79: =IF(MIS_Calc!$B$392="","–",MIS_Calc!$B$392) -> 1187 | H79: =IF(MIS_Calc!$C$392="","–",MIS_Calc!$C$392) -> 13538 | J79: =IF(MIS_Calc!$D$392="","–",MIS_Calc!$D$392) -> 11.405223 | L79: =IF(MIS_Calc!$E$392="","–",MIS_Calc!$E$392) -> 4.1215278 | N79: =IF(MIS_Calc!$F$392="","–",MIS_Calc!$F$392) -> 78.11 | P79: =IF(MIS_Calc!$G$392="","–",MIS_Calc!$G$392) -> 9.0405093 | R79: =IF(MIS_Calc!$H$392="","–",MIS_Calc!$H$392) -> 288 | T79: =IF(MIS_Calc!$I$392="","–",MIS_Calc!$I$392) -> 4 | V79: =IF(MIS_Calc!$J$392="","–",MIS_Calc!$J$392) -> 9588 | X79: =IF(MIS_Calc!$K$392="","–",MIS_Calc!$K$392) -> 2
B80: =MIS_Calc!$A$393 -> DJHSH (HS) | F80: =IF(MIS_Calc!$B$393="","–",MIS_Calc!$B$393) -> 3427 | H80: =IF(MIS_Calc!$C$393="","–",MIS_Calc!$C$393) -> 38841 | J80: =IF(MIS_Calc!$D$393="","–",MIS_Calc!$D$393) -> 11.33382 | L80: =IF(MIS_Calc!$E$393="","–",MIS_Calc!$E$393) -> 5.7116667 | N80: =IF(MIS_Calc!$F$393="","–",MIS_Calc!$F$393) -> 141.3 | P80: =IF(MIS_Calc!$G$393="","–",MIS_Calc!$G$393) -> 7.85 | R80: =IF(MIS_Calc!$H$393="","–",MIS_Calc!$H$393) -> 600 | T80: =IF(MIS_Calc!$I$393="","–",MIS_Calc!$I$393) -> with PRI | V80: =IF(MIS_Calc!$J$393="","–",MIS_Calc!$J$393) -> with PRI | X80: =IF(MIS_Calc!$K$393="","–",MIS_Calc!$K$393) -> 2
B81: =MIS_Calc!$A$394 -> PJHSW | F81: =IF(MIS_Calc!$B$394="","–",MIS_Calc!$B$394) -> – | H81: =IF(MIS_Calc!$C$394="","–",MIS_Calc!$C$394) -> – | J81: =IF(MIS_Calc!$D$394="","–",MIS_Calc!$D$394) -> – | L81: =IF(MIS_Calc!$E$394="","–",MIS_Calc!$E$394) -> – | N81: =IF(MIS_Calc!$F$394="","–",MIS_Calc!$F$394) -> 699 | P81: =IF(MIS_Calc!$G$394="","–",MIS_Calc!$G$394) -> 16.385373 | R81: =IF(MIS_Calc!$H$394="","–",MIS_Calc!$H$394) -> 1422 | T81: =IF(MIS_Calc!$I$394="","–",MIS_Calc!$I$394) -> 1 | V81: =IF(MIS_Calc!$J$394="","–",MIS_Calc!$J$394) -> 2730 | X81: =IF(MIS_Calc!$K$394="","–",MIS_Calc!$K$394) -> 2
B82: =MIS_Calc!$A$395 -> LSHSA | F82: =IF(MIS_Calc!$B$395="","–",MIS_Calc!$B$395) -> 3089 | H82: =IF(MIS_Calc!$C$395="","–",MIS_Calc!$C$395) -> 37962 | J82: =IF(MIS_Calc!$D$395="","–",MIS_Calc!$D$395) -> 12.289414 | L82: =IF(MIS_Calc!$E$395="","–",MIS_Calc!$E$395) -> 2.6767764 | N82: =IF(MIS_Calc!$F$395="","–",MIS_Calc!$F$395) -> 456.33 | P82: =IF(MIS_Calc!$G$395="","–",MIS_Calc!$G$395) -> 13.181109 | R82: =IF(MIS_Calc!$H$395="","–",MIS_Calc!$H$395) -> 1154 | T82: =IF(MIS_Calc!$I$395="","–",MIS_Calc!$I$395) -> 9 | V82: =IF(MIS_Calc!$J$395="","–",MIS_Calc!$J$395) -> 20150 | X82: =IF(MIS_Calc!$K$395="","–",MIS_Calc!$K$395) -> 2
B83: =MIS_Calc!$A$396 -> AKHH | F83: =IF(MIS_Calc!$B$396="","–",MIS_Calc!$B$396) -> 9252 | H83: =IF(MIS_Calc!$C$396="","–",MIS_Calc!$C$396) -> 122290 | J83: =IF(MIS_Calc!$D$396="","–",MIS_Calc!$D$396) -> 13.217683 | L83: =IF(MIS_Calc!$E$396="","–",MIS_Calc!$E$396) -> 60.470588 | N83: =IF(MIS_Calc!$F$396="","–",MIS_Calc!$F$396) -> 1588 | P83: =IF(MIS_Calc!$G$396="","–",MIS_Calc!$G$396) -> 345.9695 | R83: =IF(MIS_Calc!$H$396="","–",MIS_Calc!$H$396) -> 153 | T83: =IF(MIS_Calc!$I$396="","–",MIS_Calc!$I$396) -> 76 | V83: =IF(MIS_Calc!$J$396="","–",MIS_Calc!$J$396) -> – | X83: =IF(MIS_Calc!$K$396="","–",MIS_Calc!$K$396) -> 1
B84: ALL SCHOOLS | F84: =IF(MIS_Calc!$B$397="","–",MIS_Calc!$B$397) -> 20775 | H84: =IF(MIS_Calc!$C$397="","–",MIS_Calc!$C$397) -> 256238 | J84: =IF(MIS_Calc!$D$397="","–",MIS_Calc!$D$397) -> 12.333959 | L84: =IF(MIS_Calc!$E$397="","–",MIS_Calc!$E$397) -> 6.4618974 | N84: =IF(MIS_Calc!$F$397="","–",MIS_Calc!$F$397) -> 3046.376 | P84: =IF(MIS_Calc!$G$397="","–",MIS_Calc!$G$397) -> 15.931262 | R84: =IF(MIS_Calc!$H$397="","–",MIS_Calc!$H$397) -> 6374 | T84: =IF(MIS_Calc!$I$397="","–",MIS_Calc!$I$397) -> 96 | V84: =IF(MIS_Calc!$J$397="","–",MIS_Calc!$J$397) -> 75728 | X84: =IF(MIS_Calc!$K$397="","–",MIS_Calc!$K$397) -> 12
B86: 🚨 WATCHLIST (live, follows the filters) | N86: 🔎 DATA-QUALITY FINDINGS IN SOURCE SHEETS (please verify)
B87: Grid energy vs 2026 monthly average | J87: =MIS_Calc!$J$292 -> -0.56370853 | L87: =IF(MIS_Calc!$J$292="","–",IF(MIS_Calc!$J$292>MIS_Calc!$B$14,"▲ Watch","✔ OK")) -> ✔ OK | N87: 1. Electrical Consmp. C34:E34 (AKSC solar export, Jan–Mar) hold a stray array formula that adds other schools' consumption (22,336 / 25,824 / 24,262). The dashboard uses the solar generation rows only.
B88: Water consumed vs 2026 monthly average | J88: =MIS_Calc!$J$295 -> -0.0013954325 | L88: =IF(MIS_Calc!$J$295="","–",IF(MIS_Calc!$J$295>MIS_Calc!$B$14,"▲ Watch","✔ OK")) -> ✔ OK | N88: 2. AKSC solar yield (Electrical Consmp. row 35) divides by the AKSM capacity of 20 kWp, giving 14–24 kWh/kWp/day from April. Enter AKSC's installed kWp in CONFIG and point row 35 at it.
B89: Energy unit cost (₹/kWh) vs 2026 YTD | J89: =MIS_Calc!$J$305 -> 0.027170926 | L89: =IF(MIS_Calc!$J$305="","–",IF(MIS_Calc!$J$305>MIS_Calc!$B$14,"▲ Watch","✔ OK")) -> ✔ OK | N89: 3. AKHH electricity cost: March shows ₹12,040 for 8,431 kWh (₹1.43/kWh) and May ₹24.16/kWh against about ₹12–13 in other months. AKSC shows ₹0.85–1.84/kWh for Jun–Aug.
B90: Repair spend vs 2026 monthly average | J90: =MIS_Calc!$J$300 -> -0.59635294 | L90: =IF(MIS_Calc!$J$300="","–",IF(MIS_Calc!$J$300>MIS_Calc!$B$14,"▲ Watch","✔ OK")) -> ✔ OK | N90: 4. Water Consmp.: May pupil counts are 10–41 for six schools (vacation headcount), so May litres per pupil per day reads 10–172. The YTD figure uses pupil-days and is not distorted.
B91: Schools yet to report electricity for the latest month | J91: =MIS_Calc!$E$308 -> 5 | L91: =IF(MIS_Calc!$E$308="","–",IF(MIS_Calc!$E$308>0,"▲ Act","✔ OK")) -> ▲ Act | N91: 5. Water per pupil is about 0.5 L/day at DJG and 1.2–1.7 L/day at DJHSM but 185–407 L/day at AKHH — check meter units and whether AKHH is residential.
B92: Schools yet to report water for the latest month | J92: =MIS_Calc!$F$308 -> 2 | L92: =IF(MIS_Calc!$F$308="","–",IF(MIS_Calc!$F$308>0,"▲ Act","✔ OK")) -> ▲ Act | N92: 6. September is part-reported: electricity for 5 of 10 schools and water for 8 of 10. September totals are therefore partial.
B93: AMC contracts expired | J93: =MIS_Calc!$C$370 -> 12 | L93: =IF(MIS_Calc!$C$370="","–",IF(MIS_Calc!$C$370>0,"▲ Act","✔ OK")) -> ▲ Act | N93: 7. AMC-LOG: 42 of 71 records have no start or expiry date (INCOMPLETE), 12 are expired and 1 has a date error, as of the audit date in CONFIG!B8.
B94: AMC contracts expiring within 30 days | J94: =MIS_Calc!$C$368 -> 1 | L94: =IF(MIS_Calc!$C$368="","–",IF(MIS_Calc!$C$368>0,"▲ Act","✔ OK")) -> ▲ Act | N94: 8. REPAIRS: AKHH logs ticket counts but no spend, so its spend reads '–'. DJHSH repairs are not split between PRI and HS. Oct–Dec blocks have six rows and no category labels (seven categories are used Jan–Sep).
B95: AMC records incomplete or with a date error | J95: =MIS_Calc!$C$371+MIS_Calc!$C$372 -> 43 | L95: =IF((MIS_Calc!$C$371+MIS_Calc!$C$372)="","–",IF((MIS_Calc!$C$371+MIS_Calc!$C$372)>0,"▲ Act","✔ OK")) -> ▲ Act | N95: 9. WATER TESTS: Q3 and Q4 are largely blank. KPI ENGINE shows 108 exceptions; 14 of those are STP inlet/outlet rows compared with drinking-water limits, so this dashboard counts 94.
B96: Drinking-water / RO test results above limit | J96: =MIS_Calc!$C$379 -> 4 | L96: =IF(MIS_Calc!$C$379="","–",IF(MIS_Calc!$C$379>0,"▲ Act","✔ OK")) -> ▲ Act | N96: 10. AKHH quarterly total (Electrical Consmp. row 68) adds the kWh/kWp yield row 66 instead of the solar export row 65.
B98: Sources: Electrical Consmp., Water Consmp., REPAIRS, GENERATOR CONSMP., WATER TESTS, AMC-LOG and CONFIG — all linked live through MIS_Calc; nothing is typed on this sheet except the two yellow selectors. No targets or prior-year baselines exist in the source file, so comparisons are with the previous month and the 2026 average. Figures are as recorded in the source sheets.

Sheet Electrical Consmp.
A1: AKESI Power Charges with Consumed Units - 2026
A3: School / Month | C3: January | D3: February | E3: March | F3: April | G3: May | H3: June | I3: July | J3: August | K3: September | L3: October | M3: November | N3: December
A4: DJHSM | B4: Elec. Cons. (Kwhr) | C4: 11200 | D4: 12400 | E4: 12000 | F4: 14600 | G4: 9000 | H4: 16800 | I4: 15000 | J4: 14800 | O4: =C4+D4+E4+F4+G4+H4+I4+J4+K4+L4+M4+N4 -> 105800
B5: Cost | C5: 138780 | D5: 169170 | E5: 187880 | F5: 215190 | G5: 160300 | H5: 248550 | I5: 231650 | J5: 242730 | O5: =C5+D5+E5+F5+G5+H5+I5+J5+K5+L5+M5+N5 -> 1594250
B6: MD (500)-1 | C6: 200 | D6: 200 | E6: 200 | F6: 200 | G6: 200 | H6: 200 | I6: 200 | J6: 200
B7: Solar Export | C7: 0 | D7: 0 | E7: 0 | F7: 0 | G7: 0 | H7: 0 | I7: 0 | J7: 0
B8: Cost | C8: 0 | D8: 0 | E8: 0 | F8: 0 | G8: 0 | H8: 0 | I8: 0 | J8: 0
B9: Qtly | C9: =C4+D4+E4+C7+D7+E7 -> 35600 | F9: =F4+G4+H4+F7+G7+H7 -> 40400 | I9: =I4+J4+K4+I7+J7+K7 -> 29800 | L9: =L4+M4+N4+L7+M7+N7 -> 0
A10: DJG | B10: Elec. Cons. (Kwhr) | C10: =694+240+1346 -> 2280 | D10: =243+927+1557 -> 2727 | E10: =1009+242+1803 -> 3054 | F10: =1824+279+1231 -> 3334 | G10: =802+208+1354 -> 2364 | H10: =663+255+1401 -> 2319 | I10: =1352+319+1989 -> 3660 | J10: =323+2252+1309 -> 3884 | K10: =1243+2259+318 -> 3820 | O10: =C10+D10+E10+F10+G10+H10+I10+J10+K10+L10+M10+N10 -> 27442
B11: Cost | C11: =7911+3097+13763 -> 24771 | D11: =3133+10381+15579 -> 29093 | E11: =14855+10114+738 -> 25707 | F11: =13169+3396+17574 -> 34139 | G11: =8439+2597+13152 -> 24188 | H11: =7174+3091+13780 -> 24045 | I11: =14645+3893+20351 -> 38889 | J11: =3968+23200+14415 -> 41583 | K11: =14591+24872+4144 -> 43607 | O11: =C11+D11+E11+F11+G11+H11+I11+J11+K11+L11+M11+N11 -> 286022
B12: MD-3
B13: Solar Export | C13: 0 | D13: 0 | E13: 0 | F13: 0 | G13: 0 | H13: 0 | I13: 0 | J13: 0 | K13: 0
B14: Cost | C14: 0 | D14: 0 | E14: 0 | F14: 0 | G14: 0 | H14: 0 | I14: 0 | J14: 0 | K14: 0
B15: Qtly | C15: =C10+D10+E10+C13+D13+E13 -> 8061 | F15: =F10+G10+H10+F13+G13+H13 -> 8017 | I15: =I10+J10+K10+I13+J13+K13 -> 11364 | L15: =L10+M10+N10+L13+M13+N13 -> 0
A16: AKSM | B16: Elec. Cons. (Kwhr) | C16: =964+412 -> 1376 | D16: =565+455 -> 1020 | E16: =753+558 -> 1311 | F16: =1578+600 -> 2178 | G16: =32+306 -> 338 | H16: =1425+975 -> 2400 | I16: =1112+2484 -> 3596 | J16: =2707+795 -> 3502 | O16: =C16+D16+E16+F16+G16+H16+I16+J16+K16+L16+M16+N16 -> 15721
B17: Cost | C17: =3616+15985 -> 19601 | D17: =4777+12244 -> 17021 | E17: =17465+4724 -> 22189 | F17: =22461+5043 -> 27504 | G17: =7819+2405 -> 10224 | H17: =14156+7900 -> 22056 | I17: =8932+35217 -> 44149 | J17: =7055+39110 -> 46165 | O17: =C17+D17+E17+F17+G17+H17+I17+J17+K17+L17+M17+N17 -> 208909
B18: MD (74)-2 | C18: =17+55 -> 72 | D18: =17+55 -> 72 | E18: =17+55 -> 72 | F18: =17+55 -> 72 | G18: =17+55 -> 72 | H18: =17+55 -> 72 | I18: =17+55 -> 72 | J18: =17+55 -> 72
B19: Solar Gen(Kwhr) Import | C19: 1829 | D19: 2464 | E19: 2982 | F19: 2965 | G19: 2826 | H19: 2617 | I19: 3348 | J19: 3594 | O19: =SUM(C19:N19) -> 22625
B20: Solar Gen(Kwhr) Export | C20: 647 | D20: 874 | E20: 2143 | F20: 1578 | G20: 909 | H20: 1192 | I20: 864 | J20: 508
B21: Kwhr/Kwp/day | C21: =IF(C19="","",(C19/CONFIG!$B$6)/CONFIG!$B$3) -> 2.95 | D21: =IF(D19="","",(D19/CONFIG!$B$6)/CONFIG!$C$3) -> 4.4 | E21: =IF(E19="","",(E19/CONFIG!$B$6)/CONFIG!$D$3) -> 4.8096774 | F21: =IF(F19="","",(F19/CONFIG!$B$6)/CONFIG!$E$3) -> 4.9416667 | G21: =IF(G19="","",(G19/CONFIG!$B$6)/CONFIG!$F$3) -> 4.5580645 | H21: =IF(H19="","",(H19/CONFIG!$B$6)/CONFIG!$G$3) -> 4.3616667 | I21: =IF(I19="","",(I19/CONFIG!$B$6)/CONFIG!$H$3) -> 5.4 | J21: =IF(J19="","",(J19/CONFIG!$B$6)/CONFIG!$I$3) -> 5.7967742 | K21: =IF(K19="","",(K19/CONFIG!$B$6)/CONFIG!$J$3) | L21: =IF(L19="","",(L19/CONFIG!$B$6)/CONFIG!$K$3) | M21: =IF(M19="","",(M19/CONFIG!$B$6)/CONFIG!$L$3) | N21: =IF(N19="","",(N19/CONFIG!$B$6)/CONFIG!$M$3)
B22: Qtly | C22: =C16+D16+E16+C20+D20+E20 -> 7371 | F22: =F16+G16+H16+F20+G20+H20 -> 8595 | I22: =I16+J16+K16+I20+J20+K20 -> 8470 | L22: =L16+M16+N16+L20+M20+N20 -> 0
A23: AKSS | B23: Elec. Cons. (Kwhr) | C23: 2261 | D23: 2111 | E23: 2872 | F23: 4747 | G23: 5189 | H23: 7265 | I23: 5844 | J23: 4860 | O23: =C23+D23+E23+F23+G23+H23+I23+J23+K23+L23+M23+N23 -> 35149
B24: Cost | C24: 16587 | D24: 15540 | E24: 20966 | F24: 29893 | G24: 32910 | H24: 50078 | I24: 40421 | J24: 33765 | O24: =C24+D24+E24+F24+G24+H24+I24+J24+K24+L24+M24+N24 -> 240160
B25: MD-2 | G25: 19.5
B26: Solar Gen(Kwhr) Import | C26: 0 | D26: 0 | E26: 0 | F26: 0 | G26: 0 | H26: 0 | I26: 0 | J26: 0
B27: Solar Gen(Kwhr) Export | C27: 0 | D27: 0 | E27: 0 | F27: 0 | G27: 0 | H27: 0 | I27: 0 | J27: 0
B28: Cost | C28: 0 | D28: 0 | E28: 0 | F28: 0 | G28: 0 | H28: 0 | I28: 0 | J28: 0
B29: Qtly | C29: =C23+D23+E23+C27+D27+E27 -> 7244 | F29: =F23+G23+H23+F27+G27+H27 -> 17201 | I29: =I23+J23+K23+I27+J27+K27 -> 10704 | L29: =L23+M23+N23+L27+M27+N27 -> 0
A30: AKSC | B30: Elec. Cons. (Kwhr) | C30: 0 | D30: 0 | E30: 0 | F30: 0 | G30: 0 | H30: 5378 | I30: 6691 | J30: 7600 | O30: =C30+D30+E30+F30+G30+H30+I30+J30+K30+L30+M30+N30 -> 19669
B31: Cost | C31: 0 | D31: 0 | E31: 0 | F31: 0 | G31: 0 | H31: 9906 | I31: 8931 | J31: 6492 | O31: =C31+D31+E31+F31+G31+H31+I31+J31+K31+L31+M31+N31 -> 25329
B32: MD-1 | C32: 10 | D32: 10 | E32: 10 | F32: 10 | G32: 10 | H32: 10 | I32: 10 | J32: 10
B33: Solar Gen(Kwhr) Import | C33: 1215.3 | D33: 1061.5 | E33: 1071.8 | F33: 8483 | G33: 10107 | H33: 11913 | I33: 13477 | J33: 14795 | O33: =SUM(C33:N33) -> 62123.6
B34: Solar Gen(Kwhr) Export | C34: {=+C37:E37+C43:E43+C49:E49+C55:E55+C61:E61+C65:E65} -> 22336 | D34: 25824 | E34: 24262 | F34: 4208 | G34: 4850 | H34: 5209 | I34: 5460 | J34: 5869
B35: Kwhr/Kwp | C35: =IF(C33="","",(C33/CONFIG!$B$6)/CONFIG!$B$3) -> 1.9601613 | D35: =IF(D33="","",(D33/CONFIG!$B$6)/CONFIG!$C$3) -> 1.8955357 | E35: =IF(E33="","",(E33/CONFIG!$B$6)/CONFIG!$D$3) -> 1.7287097 | F35: =IF(F33="","",(F33/CONFIG!$B$6)/CONFIG!$E$3) -> 14.138333 | G35: =IF(G33="","",(G33/CONFIG!$B$6)/CONFIG!$F$3) -> 16.301613 | H35: =IF(H33="","",(H33/CONFIG!$B$6)/CONFIG!$G$3) -> 19.855 | I35: =IF(I33="","",(I33/CONFIG!$B$6)/CONFIG!$H$3) -> 21.737097 | J35: =IF(J33="","",(J33/CONFIG!$B$6)/CONFIG!$I$3) -> 23.862903 | K35: =IF(K33="","",(K33/CONFIG!$B$6)/CONFIG!$J$3) | L35: =IF(L33="","",(L33/CONFIG!$B$6)/CONFIG!$K$3) | M35: =IF(M33="","",(M33/CONFIG!$B$6)/CONFIG!$L$3) | N35: =IF(N33="","",(N33/CONFIG!$B$6)/CONFIG!$M$3)
B36: Qtly | C36: =C30+D30+E30+C34+D34+E34 -> 72422 | F36: =F30+G30+H30+F34+G34+H34 -> 19645 | I36: =I30+J30+K30+I34+J34+K34 -> 25620 | L36: =L30+M30+N30+L34+M34+N34 -> 0
A37: DJHSH (PRI) | B37: Elec. Cons. (Kwhr) | C37: 783 | D37: 1022 | E37: 1065 | F37: 786 | G37: 531 | H37: 1165 | I37: 1300 | J37: 1330 | K37: 1187 | O37: =C37+D37+E37+F37+G37+H37+I37+J37+K37+L37+M37+N37 -> 9169
B38: Cost | C38: 9143 | D38: 11632 | E38: 12149 | F38: =7648+1494 -> 9142 | G38: 6147 | H38: =13295 -> 13295 | I38: 14805 | J38: 15043 | K38: 13538 | O38: =C38+D38+E38+F38+G38+H38+I38+J38+K38+L38+M38+N38 -> 104894
B39: MD (08)-1 | C39: 5.93 | D39: 7.43 | E39: 6.94 | F39: 2.25 | G39: 4.72 | H39: 7 | I39: 5.19 | J39: 7.59 | K39: 7.31
B40: Solar Gen(Kwhr) | C40: 0 | D40: 0 | E40: 0 | F40: 0 | G40: 0 | H40: 0 | I40: 0 | J40: 0 | K40: 0
B41: Cost | C41: 0 | D41: 0 | E41: 0 | F41: 0 | G41: 0 | H41: 0 | I41: 0 | J41: 0 | K41: 0
B42: Qtly | C42: =C37+D37+E37+C40+D40+E40 -> 2870 | F42: =F37+G37+H37+F40+G40+H40 -> 2482 | I42: =I37+J37+K37+I40+J40+K40 -> 3817 | L42: =L37+M37+N37+L40+M40+N40 -> 0
A43: DJHSH (HS) | B43: Elec. Cons. (Kwhr) | C43: =811+437+291+334 -> 1873 | D43: =528+389+507+849 -> 2273 | E43: =794+715+356+571 -> 2436 | F43: =1045+870+792+507 -> 3214 | G43: =303+960+821+769 -> 2853 | H43: =495+821+989+921 -> 3226 | I43: =1065+902+774+529 -> 3270 | J43: =875+1039+700+448 -> 3062 | K43: =1037+1149+492+749 -> 3427 | O43: =SUM(C43:N43) -> 25634
B44: Cost | C44: =9190+5151+3363+4374 -> 22078 | D44: =5933+4379+6013+9419 -> 25744 | E44: =8909+8405+4082+6843 -> 28239 | F44: =10770+1242+8542+1162+7782+1428+4566+1058 -> 36550 | G44: =3315+10661+9331+8887 -> 32194 | H44: =5595+9590+10442+11440 -> 37067 | I44: =12049+10399+9030+5921 -> 37399 | J44: =10009+11752+8269+5045 -> 35075 | K44: =11838+12801+5467+8735 -> 38841 | O44: =SUM(C44:N44) -> 293187
B45: MD (25)-4 | C45: =3.46+5.17+1.91+2.67 -> 13.21 | D45: =5.35+2.35+4.53+3.85 -> 16.08 | E45: =4.29+8.7+3.72+4.69 -> 21.4 | F45: =9.04+5.31+5.62+4.96 -> 24.93 | G45: =2.42+5.5+7.57+4.14 -> 19.63 | H45: =5.11+5.68+8.92+6.46 -> 26.17 | I45: =7+8.53+6.15+4.5 -> 26.18 | J45: =7.04+6.99+4.46+9.41 -> 27.9 | K45: =8.18+6.09+3.97+6.59 -> 24.83
B46: Solar Gen(Kwhr) | C46: 0 | D46: 0 | E46: 0 | F46: 0 | G46: 0 | H46: 0 | I46: 0 | J46: 0 | K46: 0
B47: Cost | C47: 0 | D47: 0 | E47: 0 | F47: 0 | G47: 0 | H47: 0 | I47: 0 | J47: 0 | K47: 0
B48: Qtly | C48: =C43+D43+E43+C46+D46+E46 -> 6582 | F48: =F43+G43+H43+F46+G46+H46 -> 9293 | I48: =I43+J43+K43+I46+J46+K46 -> 9759 | L48: =L43+M43+N43+L46+M46+N46 -> 0
A49: PJHSW | B49: Elec. Cons. (Kwhr) | C49: =3532+16 -> 3548 | D49: =4811+16 -> 4827 | E49: =5086 -> 5086 | F49: 5320 | G49: 4331 | H49: 5754 | I49: =7464+16 -> 7480 | J49: 5901 | O49: =C49+D49+E49+F49+G49+H49+I49+J49+K49+L49+M49+N49 -> 42247
B50: Cost | C50: =62976+283 -> 63259 | D50: =75013+283 -> 75296 | E50: 78616 | F50: 78945 | G50: 61458 | H50: 83750 | I50: =99391+313 -> 99704 | J50: 85110 | O50: =C50+D50+E50+F50+G50+H50+I50+J50+K50+L50+M50+N50 -> 626138
B51: MD (66)-2 | C51: 17.03 | D51: 24.27 | E51: 28.03 | F51: 34.27 | G51: 26.55 | H51: 23.71 | I51: 29.35 | J51: 28.34
B52: Solar Gen(Kwhr) | C52: 0 | D52: 0 | E52: 0 | F52: 0 | G52: 0 | H52: 0 | I52: 0 | J52: 0
B53: Cost | C53: 0 | D53: 0 | E53: 0 | F53: 0 | G53: 0 | H53: 0 | I53: 0 | J53: 0
B54: Qtly | C54: =C49+D49+E49+C52+D52+E52 -> 13461 | F54: =F49+G49+H49+F52+G52+H52 -> 15405 | I54: =I49+J49+K49 -> 13381
A55: LSHSA | B55: Elec. Cons. (Kwhr) | C55: =1366+860+390 -> 2616 | D55: =800+400+2035 -> 3235 | E55: =2831+634+1054 -> 4519 | F55: =1086+671+2699 -> 4456 | G55: =1716+731+1167 -> 3614 | H55: =3958+765+943 -> 5666 | I55: =3413+791+1022 -> 5226 | J55: =991+2633+576 -> 4200 | K55: 3089 | O55: =C55+D55+E55+F55+G55+H55+I55+J55+K55+L55+M55+N55 -> 36621
B56: Cost | C56: =18819+9382+4809 -> 33010 | D56: =8840+4925+26077 -> 39842 | E56: =35089+7612+11657 -> 54358 | F56: =12118+7928+33550 -> 53596 | G56: =18688+7702+12360 -> 38750 | H56: =47286+8990+10559 -> 66835 | I56: =41415+9218+17629 -> 68262 | J56: =11007+32794+6861 -> 50662 | K56: 37962 | O56: =C56+D56+E56+F56+G56+H56+I56+J56+K56+L56+M56+N56 -> 443277
B57: MD (39.23)-3 | C57: 10.47 | D57: 16.57 | E57: 22.84 | F57: 24.11 | G57: 8.67 | H57: 27.24 | I57: 25.94 | J57: 21.86 | K57: 22.87
B58: Solar Gen(Kwhr) | C58: 0 | D58: 0 | E58: 0 | F58: 0 | G58: 0 | H58: 0 | I58: 0 | J58: 0 | K58: 0
B59: Cost | C59: 0 | D59: 0 | E59: 0 | F59: 0 | G59: 0 | H59: 0 | I59: 0 | J59: 0 | K59: 0
B60: Qtly | C60: =C55+D55+E55+C58+D58+E58 -> 10370 | F60: =F55+G55+H55+F58+G58+H58 -> 13736 | I60: =I55+J55+K55+I58+J58+K58 -> 12515 | L60: =L55+M55+N55+L58+M58+N58 -> 0
A61: AKHH | B61: Elec. Cons. (Kwhr) | C61: 12593 | D61: 12752 | E61: 8431 | F61: 8840 | G61: 4819 | H61: 8107 | I61: 9271 | J61: 9715 | K61: 9252 | O61: =C61+D61+E61+F61+G61+H61+I61+J61+K61+L61+M61+N61 -> 83780
B62: Cost | C62: 149994 | D62: 151920 | E62: 12040 | F62: 63091 | G62: =78721+37690 -> 116411 | H62: 129165 | I62: 123948 | J62: 126848 | K62: 122290 | O62: =C62+D62+E62+F62+G62+H62+I62+J62+K62+L62+M62+N62 -> 995707
B63: MD (74)-2 | G63: 13.4 | J63: 17.24 | K63: 5.52
B64: Solar Gen(Kwhr) Import | C64: 5265 | D64: 5543 | E64: 11156 | F64: 8556 | G64: 8417 | H64: 7590 | I64: 10958 | J64: 12043 | K64: 7494 | O64: =SUM(C64:N64) -> 77022
B65: Solar Gen(Kwhr) Export | C65: 923 | D65: 1715 | E65: 2725 | F65: 2920 | G65: 3550 | H65: 3709 | I65: 1687 | J65: 2320 | K65: 2196
B66: Kwhr/Kwp | C66: =IF(C64="","",(C64/CONFIG!$B$7)/CONFIG!$B$3) -> 3.3967742 | D66: =IF(D64="","",(D64/CONFIG!$B$7)/CONFIG!$C$3) -> 3.9592857 | E66: =IF(E64="","",(E64/CONFIG!$B$7)/CONFIG!$D$3) -> 7.1974194 | F66: =IF(F64="","",(F64/CONFIG!$B$7)/CONFIG!$E$3) -> 5.704 | G66: =IF(G64="","",(G64/CONFIG!$B$7)/CONFIG!$F$3) -> 5.4303226 | H66: =IF(H64="","",(H64/CONFIG!$B$7)/CONFIG!$G$3) -> 5.06 | I66: =IF(I64="","",(I64/CONFIG!$B$7)/CONFIG!$H$3) -> 7.0696774 | J66: =IF(J64="","",(J64/CONFIG!$B$7)/CONFIG!$I$3) -> 7.7696774 | K66: =IF(K64="","",(K64/CONFIG!$B$7)/CONFIG!$J$3) -> 4.996 | L66: =IF(L64="","",(L64/CONFIG!$B$7)/CONFIG!$K$3) | M66: =IF(M64="","",(M64/CONFIG!$B$7)/CONFIG!$L$3) | N66: =IF(N64="","",(N64/CONFIG!$B$7)/CONFIG!$M$3)
B67: Cost | C67: =C64*11.91 -> 62706.15 | D67: =D64*11.91 -> 66017.13 | E67: =E64*11.91 -> 132867.96 | F67: =F64*11.91 -> 101901.96 | G67: =G64*11.91 -> 100246.47 | H67: =H64*11.91 -> 90396.9 | I67: =I64*11.91 -> 130509.78 | J67: =J64*11.91 -> 143432.13 | K67: =K64*11.91 -> 89253.54
B68: Qtly | C68: =C61+D61+E61+C66+D66+E66 -> 33790.553 | F68: =F61+G61+H61+F66+G66+H66 -> 21782.194 | I68: =I61+J61+K61+I66+J66+K66 -> 28257.835 | L68: =L61+M61+N61+N(L66)+N(M66)+N(N66) -> 0
A69: Total KW (Q) | C69: =(C9+C15+C22+C29+C36+C42+C48+C54+C60+C68)/1000 -> 197.77155 | F69: =(F9+F15+F22+F29+F36+F42+F48+F54+F60+F68)/1000 -> 156.55619 | I69: =(I9+I15+I22+I29+I36+I42+I48+I54+I60+I68)/1000 -> 153.68784

Sheet Water Consmp.
A1: AKESI - WATER CONSUMPTION LOG - 2026
A2: SCHOOL | C2: 46023 | D2: 46055 | E2: 46082 | F2: 46141 | G2: 46172 | H2: 46203 | I2: 46233 | J2: 46265 | K2: 46267 | L2: 46298 | M2: 46330 | N2: 46361 | O2: YTD Total / KPI
A3: DJHSM | B3: Liters | C3: =(3298.7-3240.3)*1000 -> 58400 | D3: =(3358.8-3298.7)*1000 -> 60100 | E3: =(3413.7-3358.8)*1000 -> 54900 | F3: =(3467.7-3413.7)*1000 -> 54000 | G3: =(3535.6-3467.7)*1000 -> 67900 | H3: =(3576-3535.6)*1000 -> 40400 | I3: =(3626.5-3576)*1000 -> 50500 | J3: =(3669.9-3626.5)*1000 -> 43400 | K3: =(3712.2-3669.9)*1000 -> 42300 | O3: =SUM(C3:N3) -> 471900 | P3: =C3+D3+E3+F3+G3+H3+I3+J3+K3+L3+M3+N3 -> 471900
B4: No. of pupils | C4: =1161+110 -> 1271 | D4: =1131+110 -> 1241 | E4: =1130+110 -> 1240 | F4: =1130+110 -> 1240 | G4: =10+13+9+9 -> 41 | H4: =1073+110 -> 1183 | I4: =1086+110 -> 1196 | J4: =1093+110 -> 1203 | K4: =1097+110 -> 1207
B5: Pupils Liter per day | C5: =IFERROR(C3/C4/C$43,0) -> 1.4821959 | D5: =IFERROR(D3/D4/D$43,0) -> 1.7295959 | E5: =IFERROR(E3/E4/E$43,0) -> 1.4281998 | F5: =IFERROR(F3/F4/F$43,0) -> 1.4516129 | G5: =IFERROR(G3/G4/G$43,0) -> 53.422502 | H5: =IFERROR(H3/H4/H$43,0) -> 1.1383488 | I5: =IFERROR(I3/I4/I$43,0) -> 1.3620671 | J5: =IFERROR(J3/J4/J$43,0) -> 1.1637573 | ... N5: =IFERROR(N3/N4/N$43,0) -> 0 | O5: =IFERROR(SUM(C3:N3)/(C4*C$43+D4*D$43+E4*E$43+F4*F$43+G4*G$43+H4*H$43+I4*I$43+J4*J$43+K4*K$43+L4*L$43+M4*M$43+N4*N$43),0) -> 1.5881991
B6: Amount
A7: DJG | B7: Liters | C7: 16184 | D7: 13357 | E7: 14763 | F7: 8947 | G7: 5991 | H7: 12743 | I7: =799569-783483 -> 16086 | J7: =814693-799569 -> 15124 | K7: =828129-814693 -> 13436 | O7: =SUM(C7:N7) -> 116631 | P7: =C7+D7+E7+F7+G7+H7+I7+J7+K7+L7+M7+N7 -> 116631
B8: No. of pupils | C8: 1010 | D8: 1010 | E8: 1010 | F8: 1008 | G8: 20 | H8: 1019 | I8: 1020 | J8: 1020 | K8: 1020
B9: Pupils Liter per day | C9: =IFERROR(C7/C8/C$43,0) -> 0.51689556 | D9: =IFERROR(D7/D8/D$43,0) -> 0.47231259 | E9: =IFERROR(E7/E8/E$43,0) -> 0.4715107 | F9: =IFERROR(F7/F8/F$43,0) -> 0.2958664 | G9: =IFERROR(G7/G8/G$43,0) -> 9.6629032 | H9: =IFERROR(H7/H8/H$43,0) -> 0.41684658 | I9: =IFERROR(I7/I8/I$43,0) -> 0.50872865 | J9: =IFERROR(J7/J8/J$43,0) -> 0.47830487 | ... N9: =IFERROR(N7/N8/N$43,0) -> 0 | O9: =IFERROR(SUM(C7:N7)/(C8*C$43+D8*D$43+E8*E$43+F8*F$43+G8*G$43+H8*H$43+I8*I$43+J8*J$43+K8*K$43+L8*L$43+M8*M$43+N8*N$43),0) -> 0.47378235
B10: Amount
A11: AKSS | B11: Liters | C11: 48300 | D11: 41200 | E11: 51200 | F11: 63600 | G11: 33800 | H11: 66300 | I11: 12000 | J11: 27900 | K11: 27900 | O11: =SUM(C11:N11) -> 372200 | P11: =C11+D11+E11+F11+G11+H11+I11+J11+K11+L11+M11+N11 -> 372200
B12: No. of pupils | C12: 505 | D12: 505 | E12: 505 | F12: 505 | G12: 25 | H12: 530 | I12: 530 | J12: 530 | K12: 530
B13: Pupils Liter per day | C13: =IFERROR(C11/C12/C$43,0) -> 3.0852763 | D13: =IFERROR(D11/D12/D$43,0) -> 2.9137199 | E13: =IFERROR(E11/E12/E$43,0) -> 3.2705206 | F13: =IFERROR(F11/F12/F$43,0) -> 4.1980198 | G13: =IFERROR(G11/G12/G$43,0) -> 43.612903 | H13: =IFERROR(H11/H12/H$43,0) -> 4.1698113 | I13: =IFERROR(I11/I12/I$43,0) -> 0.73037127 | J13: =IFERROR(J11/J12/J$43,0) -> 1.6981132 | ... N13: =IFERROR(N11/N12/N$43,0) -> 0 | O13: =IFERROR(SUM(C11:N11)/(C12*C$43+D12*D$43+E12*E$43+F12*F$43+G12*G$43+H12*H$43+I12*I$43+J12*J$43+K12*K$43+L12*L$43+M12*M$43+N12*N$43),0) -> 2.9531479
B14: Amount
A15: AKSC | B15: Liters | C15: 240000 | D15: 220000 | E15: 258000 | F15: 280000 | G15: 265000 | H15: 240000 | I15: 270000 | J15: 255000 | O15: =SUM(C15:N15) -> 2028000 | P15: =C15+D15+E15+F15+G15+H15+I15+J15+K15+L15+M15+N15 -> 2028000
B16: No. of pupils | C16: 347 | D16: 345 | E16: 345 | F16: 345 | G16: 345 | H16: 362 | I16: 370 | J16: 370
B17: Pupils Liter per day | C17: =IFERROR(C15/C16/C$43,0) -> 22.311053 | D17: =IFERROR(D15/D16/D$43,0) -> 22.774327 | E17: =IFERROR(E15/E16/E$43,0) -> 24.123422 | F17: =IFERROR(F15/F16/F$43,0) -> 27.05314 | G17: =IFERROR(G15/G16/G$43,0) -> 24.777934 | H17: =IFERROR(H15/H16/H$43,0) -> 22.099448 | I17: =IFERROR(I15/I16/I$43,0) -> 23.539669 | J17: =IFERROR(J15/J16/J$43,0) -> 22.231909 | ... N17: =IFERROR(N15/N16/N$43,0) -> 0 | O17: =IFERROR(SUM(C15:N15)/(C16*C$43+D16*D$43+E16*E$43+F16*F$43+G16*G$43+H16*H$43+I16*I$43+J16*J$43+K16*K$43+L16*L$43+M16*M$43+N16*N$43),0) -> 23.593192
B18: Amount
A19: AKSM | B19: Liters | C19: =(1771+1573)*1000-2909*1000 -> 435000 | D19: =(2044+1621)*1000-2909*1000-C19 -> 321000 | E19: =(2172+1702)*1000-2909*1000-D19-C19 -> 209000 | F19: =(2230+1735)*1000-2909*1000-E19-D19-C19 -> 91000 | G19: =(2340+1790)*1000-2909*1000-F19-E19-D19-C19 -> 165000 | H19: =(2490+1863)*1000-2909*1000-G19-F19-E19-D19-C19 -> 223000 | I19: =(2595+1943)*1000-2909*1000-H19-G19-F19-E19-C19-D19 -> 185000 | O19: =SUM(C19:N19) -> 1629000 | P19: =C19+D19+E19+F19+G19+H19+I19+J19+K19+L19+M19+N19 -> 1629000
B20: No. of pupils | C20: =700+45+16+50 -> 811 | D20: =700+45+16+50 -> 811 | E20: =650+45+16+45 -> 756 | F20: =650+45+16+45 -> 756 | G20: =650+45+16+45 -> 756 | H20: =650+45+16+45 -> 756 | I20: =720+45+16+45 -> 826
B21: Pupils Liter per day | C21: =IFERROR(C19/C20/C$43,0) -> 17.302414 | D21: =IFERROR(D19/D20/D$43,0) -> 14.135987 | E21: =IFERROR(E19/E20/E$43,0) -> 8.9179041 | F21: =IFERROR(F19/F20/F$43,0) -> 4.0123457 | G21: =IFERROR(G19/G20/G$43,0) -> 7.0404506 | H21: =IFERROR(H19/H20/H$43,0) -> 9.8324515 | I21: =IFERROR(I19/I20/I$43,0) -> 7.2248692 | J21: =IFERROR(J19/J20/J$43,0) -> 0 | ... N21: =IFERROR(N19/N20/N$43,0) -> 0 | O21: =IFERROR(SUM(C19:N19)/(C20*C$43+D20*D$43+E20*E$43+F20*F$43+G20*G$43+H20*H$43+I20*I$43+J20*J$43+K20*K$43+L20*L$43+M20*M$43+N20*N$43),0) -> 9.8317913
B22: Amount
A23: PJHSW | B23: Liters | C23: 558700 | D23: 569000 | E23: 565238 | F23: 380900 | G23: 256875 | H23: 446000 | I23: 659000 | J23: 669440 | K23: 699000 | O23: =SUM(C23:N23) -> 4804153 | P23: =C23+D23+E23+F23+G23+H23+I23+J23+K23+L23+M23+N23 -> 4804153
B24: No. of pupils | C24: 1445 | D24: 1445 | E24: 1445 | F24: 1445 | G24: 1445 | H24: 1384 | I24: 1400 | J24: 1400 | K24: 1422
B25: Pupils Liter per day | C25: =IFERROR(C23/C24/C$43,0) -> 12.472374 | D25: =IFERROR(D23/D24/D$43,0) -> 14.063272 | E25: =IFERROR(E23/E24/E$43,0) -> 12.618328 | F25: =IFERROR(F23/F24/F$43,0) -> 8.7866205 | G25: =IFERROR(G23/G24/G$43,0) -> 5.734457 | H25: =IFERROR(H23/H24/H$43,0) -> 10.741811 | I25: =IFERROR(I23/I24/I$43,0) -> 15.184332 | J25: =IFERROR(J23/J24/J$43,0) -> 15.424885 | ... N25: =IFERROR(N23/N24/N$43,0) -> 0 | O25: =IFERROR(SUM(C23:N23)/(C24*C$43+D24*D$43+E24*E$43+F24*F$43+G24*G$43+H24*H$43+I24*I$43+J24*J$43+K24*K$43+L24*L$43+M24*M$43+N24*N$43),0) -> 12.344454
B26: Amount
A27: LSHSA | B27: Liters | C27: 333860 | D27: 264500 | E27: 432756 | F27: 248950 | G27: 117348 | H27: 288354 | I27: 402336 | J27: 435889 | K27: 456330 | O27: =SUM(C27:N27) -> 2980323 | P27: =C27+D27+E27+F27+G27+H27+I27+J27+K27+L27+M27+N27 -> 2980323
B28: No. of pupils | C28: 1229 | D28: 1229 | E28: 1229 | F28: 1229 | G28: 22 | H28: 1151 | I28: =1081+73 -> 1154 | J28: 1154 | K28: =1082+72 -> 1154
B29: Pupils Liter per day | C29: =IFERROR(C27/C28/C$43,0) -> 8.7629597 | D29: =IFERROR(D27/D28/D$43,0) -> 7.6862722 | E29: =IFERROR(E27/E28/E$43,0) -> 11.358723 | F29: =IFERROR(F27/F28/F$43,0) -> 6.752102 | G29: =IFERROR(G27/G28/G$43,0) -> 172.06452 | H29: =IFERROR(H27/H28/H$43,0) -> 8.3508254 | I29: =IFERROR(I27/I28/I$43,0) -> 11.246604 | J29: =IFERROR(J27/J28/J$43,0) -> 12.184519 | ... N29: =IFERROR(N27/N28/N$43,0) -> 0 | O29: =IFERROR(SUM(C27:N27)/(C28*C$43+D28*D$43+E28*E$43+F28*F$43+G28*G$43+H28*H$43+I28*I$43+J28*J$43+K28*K$43+L28*L$43+M28*M$43+N28*N$43),0) -> 10.317534
B30: Amount
A31: DJHSH (P) | B31: Liters | C31: =31000+47000 -> 78000 | D31: =48000+33000 -> 81000 | E31: 71940 | F31: 65370 | G31: 52650 | H31: =46400+1361 -> 47761 | I31: =86900+55310 -> 142210 | J31: =51720+34200 -> 85920 | K31: =49360+28750 -> 78110 | O31: =SUM(C31:N31) -> 702961 | P31: =C31+D31+E31+F31+G31+H31+I31+J31+K31+L31+M31+N31 -> 702961
B32: No. of pupils | C32: 300 | D32: 300 | E32: 300 | F32: 300 | G32: 10 | H32: =265+23 -> 288 | I32: 288 | J32: 288 | K32: 288
B33: Pupils Liter per day | C33: =IFERROR(C31/C32/C$43,0) -> 8.3870968 | D33: =IFERROR(D31/D32/D$43,0) -> 9.6428571 | E33: =IFERROR(E31/E32/E$43,0) -> 7.7354839 | F33: =IFERROR(F31/F32/F$43,0) -> 7.2633333 | G33: =IFERROR(G31/G32/G$43,0) -> 169.83871 | H33: =IFERROR(H31/H32/H$43,0) -> 5.5278935 | I33: =IFERROR(I31/I32/I$43,0) -> 15.928539 | J33: =IFERROR(J31/J32/J$43,0) -> 9.6236559 | ... N33: =IFERROR(N31/N32/N$43,0) -> 0 | O33: =IFERROR(SUM(C31:N31)/(C32*C$43+D32*D$43+E32*E$43+F32*F$43+G32*G$43+H32*H$43+I32*I$43+J32*J$43+K32*K$43+L32*L$43+M32*M$43+N32*N$43),0) -> 9.8390533
B34: Amount
A35: DJHSH (H) | B35: Liters | C35: 225000 | D35: 174000 | E35: 130000 | F35: =160000+5000 -> 165000 | G35: =28000+38400 -> 66400 | H35: =49500+46100+11800 -> 107400 | I35: =61400+81800+25600 -> 168800 | J35: =41400+70700+57600 -> 169700 | K35: 141300 | O35: =SUM(C35:N35) -> 1347600 | P35: =C35+D35+E35+F35+G35+H35+I35+J35+K35+L35+M35+N35 -> 1347600
B36: No. of pupils | C36: 560 | D36: 560 | E36: 560 | F36: 560 | G36: 20 | H36: 600 | I36: 600 | J36: 600 | K36: 600
B37: Pupils Liter per day | C37: =IFERROR(C35/C36/C$43,0) -> 12.960829 | D37: =IFERROR(D35/D36/D$43,0) -> 11.096939 | E37: =IFERROR(E35/E36/E$43,0) -> 7.4884793 | F37: =IFERROR(F35/F36/F$43,0) -> 9.8214286 | G37: =IFERROR(G35/G36/G$43,0) -> 107.09677 | H37: =IFERROR(H35/H36/H$43,0) -> 5.9666667 | I37: =IFERROR(I35/I36/I$43,0) -> 9.0752688 | J37: =IFERROR(J35/J36/J$43,0) -> 9.1236559 | ... N37: =IFERROR(N35/N36/N$43,0) -> 0 | O37: =IFERROR(SUM(C35:N35)/(C36*C$43+D36*D$43+E36*E$43+F36*F$43+G36*G$43+H36*H$43+I36*I$43+J36*J$43+K36*K$43+L36*L$43+M36*M$43+N36*N$43),0) -> 9.5560913 | Q37: =1268.4-1257 -> 11.4
B38: Amount
A39: AKHH | B39: Liters | C39: 1351000 | D39: 1351000 | E39: 880000 | F39: 779000 | G39: 1051000 | H39: =1721*1000 -> 1721000 | I39: 1929000 | J39: 1634000 | K39: 1588000 | O39: =SUM(C39:N39) -> 12284000 | P39: =C39+D39+E39+F39+G39+H39+I39+J39+K39+L39+M39+N39 -> 12284000
B40: No. of pupils | C40: 140 | D40: 140 | E40: 140 | F40: 140 | G40: 90 | H40: =113+20+20 -> 153 | I40: =113+20+20 -> 153 | J40: =113+20+20 -> 153 | K40: =113+20+20 -> 153
B41: Pupils Liter per day | C41: =IFERROR(C39/C40/C$43,0) -> 311.29032 | D41: =IFERROR(D39/D40/D$43,0) -> 344.64286 | E41: =IFERROR(E39/E40/E$43,0) -> 202.76498 | F41: =IFERROR(F39/F40/F$43,0) -> 185.47619 | G41: =IFERROR(G39/G40/G$43,0) -> 376.70251 | H41: =IFERROR(H39/H40/H$43,0) -> 374.94553 | I41: =IFERROR(I39/I40/I$43,0) -> 406.70462 | J41: =IFERROR(J39/J40/J$43,0) -> 344.5077 | ... N41: =IFERROR(N39/N40/N$43,0) -> 0 | O41: =IFERROR(SUM(C39:N39)/(C40*C$43+D40*D$43+E40*E$43+F40*F$43+G40*G$43+H40*H$43+I40*I$43+J40*J$43+K40*K$43+L40*L$43+M40*M$43+N40*N$43),0) -> 321.09996
B42: Amount
A43: CONTROL | B43: Days in Month | C43: 31 | D43: 28 | E43: 31 | F43: 30 | G43: 31 | H43: 30 | I43: 31 | J43: 31 | K43: 30 | L43: 31 | M43: 30 | N43: 31

Sheet REPAIRS
A1: AKESI Repairing Work -2026
A2: MONTH | B2: CATEGORY | C2: DJHSM | E2: DJG-M | G2: DJHSH | I2: AKHH | K2: PJHS | M2: LSHS | O2: AKSM | Q2: AKSS | S2: AKSC
C3: Total Tkt | D3: spent | E3: Total Tkt | F3: spent | G3: Total Tkt | H3: spent | I3: Total Tkt | J3: spent | K3: Total Tkt | L3: spent | M3: Total Tkt | N3: spent | O3: Total Tkt | P3: spent | Q3: Total Tkt | R3: spent | S3: Total Tkt | T3: spent
A4: JAN | B4: CIVIL | C4: 3 | D4: 11270 | G4: 0 | H4: 0 | I4: 2 | O4: 1 | P4: 8200 | Q4: 0 | R4: 0
B5: MECH | G5: 2 | H5: =2550+900 -> 3450 | I5: 3 | Q5: 0 | R5: 0
B6: ELE | E6: 1 | F6: 7500 | G6: 0 | H6: 0 | I6: 11 | K6: 2 | L6: =1575+3405 -> 4980 | M6: 1 | N6: 1100 | O6: 1 | P6: 7320 | Q6: 0 | R6: 0
B7: PLU | C7: 1 | D7: 180 | E7: 2 | F7: =1100+8430 -> 9530 | G7: 4 | H7: =2000+2950 -> 4950 | I7: 3 | K7: 2 | L7: =650+6060 -> 6710 | M7: 3 | N7: 2400 | O7: 4 | P7: 8710 | Q7: 0 | R7: 0
B8: CARPENTARY | C8: 1 | D8: 4200 | G8: 2 | H8: =1416+2313 -> 3729 | I8: 6 | J8: 0 | M8: 2 | N8: 1000 | O8: 4 | P8: 6822 | Q8: 0 | R8: 0
B9: R & M | C9: 2 | D9: 5416 | G9: 0 | H9: 0 | I9: 4 | M9: 1 | N9: 3980 | O9: 3 | P9: 5762 | Q9: 1 | R9: 1700 | S9: 4 | T9: 4556
B10: OTHERS & IT | C10: 2 | D10: 3820 | G10: 2 | H10: =5000+1800+2000 -> 8800 | I10: 0 | O10: 3 | P10: =1700+2006+4900 -> 8606 | Q10: 1 | R10: 650 | S10: 3 | T10: 4706
A11: FEB | B11: CIVIL | C11: 1 | D11: 950 | G11: 0 | I11: 0 | O11: 0 | P11: 0 | Q11: 0 | R11: 0
B12: MECH | E12: 1 | F12: 7000 | G12: 0 | I12: 3 | Q12: 0 | R12: 0
B13: ELE | E13: 3 | F13: =2035+1600+900 -> 4535 | G13: 16 | H13: =3000+5130+4430 -> 12560 | I13: 4 | K13: 2 | L13: =2200+1600 -> 3800 | M13: 4 | N13: 12310 | O13: 5 | P13: 2350 | Q13: 0 | R13: 0
B14: PLU | C14: 5 | D14: 5970 | G14: 4 | H14: =600+1250+1454+3540 -> 6844 | I14: 0 | M14: 3 | N14: 10390 | O14: 2 | P14: 8950 | Q14: 2 | R14: 8448
B15: CARPENTARY | C15: 2 | D15: 8400 | E15: 1 | F15: 7500 | G15: 16 | H15: =1840+1500+200+2400+4200+4930+2000+1809+4847 -> 23726 | I15: 0 | O15: 3 | P15: 780 | Q15: 0 | R15: 0
B16: R & M | E16: 1 | F16: 2950 | G16: 0 | H16: 0 | I16: 0 | Q16: 4 | R16: 6280 | S16: 7 | T16: 9564
B17: OTHERS & IT | C17: 4 | D17: 1096 | E17: 2 | F17: =1357+1770 -> 3127 | G17: 6 | H17: 2049 | I17: 0 | M17: 2 | N17: 6150 | O17: =2+1 -> 3 | P17: =2440+564 -> 3004 | Q17: 0 | R17: 0 | S17: 5 | T17: 18143
A18: MARCH | B18: CIVIL | C18: 4 | D18: 12580 | E18: 1 | F18: 8700 | G18: 0 | H18: 0 | I18: 0 | O18: 0 | P18: 0 | Q18: 0 | R18: 0
B19: MECH | C19: 1 | D19: 6880 | G19: 0 | H19: 0 | I19: 2 | O19: 0 | P19: 0 | Q19: 0 | R19: 0
B20: ELE | C20: 53 | D20: 26732 | G20: 5 | H20: =3754+1375 -> 5129 | I20: 12 | K20: 1 | L20: 1850 | M20: 3 | N20: 6850 | O20: 8 | P20: 5759 | Q20: 2 | R20: 1000
B21: PLU | E21: 1 | F21: 4500 | G21: 3 | H21: 1320 | I21: 9 | K21: 1 | L21: 2100 | M21: 2 | N21: 2950 | O21: 1 | P21: 2100 | Q21: 0 | R21: 0
B22: CARPENTARY | C22: 5 | D22: 13750 | G22: 2 | H22: =5900+375 -> 6275 | I22: 4 | M22: 1 | N22: 2700 | O22: 0 | P22: 0 | Q22: 1 | R22: 800
B23: R & M | G23: 0 | H23: 0 | I23: 12 | Q23: 3 | R23: 4700 | S23: 6 | T23: 7581
B24: OTHERS & IT | C24: 2 | D24: 1870 | E24: 1 | F24: 5841 | G24: 2 | H24: =4500+13000 -> 17500 | I24: 1 | M24: 1 | N24: 3600 | O24: 2 | P24: 2950 | Q24: 0 | R24: 0 | S24: 2 | T24: 3424
A25: APRIL | B25: CIVIL | C25: 5 | D25: 12469 | G25: 0 | I25: 2 | O25: 0 | P25: 0 | Q25: 0 | R25: 0
B26: MECH | C26: 3 | D26: 2800 | G26: 0 | I26: 12 | Q26: 0 | R26: 0
B27: ELE | C27: 2 | D27: 3755 | G27: 3 | H27: =5000+2500 -> 7500 | I27: 6 | K27: 1 | L27: =1850 -> 1850 | M27: 2 | N27: 4800 | O27: 3 | P27: 1671 | Q27: 2 | R27: 1800
B28: PLU | C28: 2 | D28: 3448 | E28: 4 | F28: =1500+20000+5782+2800 -> 30082 | G28: 0 | I28: 13 | K28: 1 | L28: 2500 | M28: 1 | N28: 4000 | O28: 2 | P28: 719 | Q28: 0 | R28: 0
B29: CARPENTARY | C29: 6 | D29: 11256 | E29: 1 | F29: 13500 | G29: 0 | I29: 11 | M29: 1 | N29: 1750 | O29: 2 | P29: 1933 | Q29: 0 | R29: 0
B30: R & M | C30: 3 | D30: 2783 | E30: 1 | F30: 12415 | G30: 0 | I30: 36 | M30: 2 | N30: 4250 | Q30: 5 | R30: 8500 | S30: 4 | T30: 4381
B31: OTHERS & IT | C31: 0 | D31: 0 | G31: 4 | H31: =8025+2000+4366 -> 14391 | I31: 0 | O31: =8 -> 8 | P31: =12740 -> 12740 | Q31: 0 | R31: 0 | S31: 2 | T31: 6200
A32: MAY | B32: CIVIL | I32: 3 | O32: 2 | P32: 10905 | Q32: 0 | R32: 0
B33: MECH | C33: 1 | D33: 4500 | I33: 9 | O33: 0 | P33: 0 | Q33: 0 | R33: 0
B34: ELE | C34: 1 | D34: 1164 | E34: 1 | F34: 2800 | I34: 12 | K34: 2 | L34: =6147+5955 -> 12102 | M34: 1 | N34: 7100 | O34: 4 | P34: 7465 | Q34: 0 | R34: 0
B35: PLU | I35: 16 | K35: 3 | L35: =4730+4830+1236 -> 10796 | O35: 0 | P35: 0 | Q35: 0 | R35: 0
B36: CARPENTARY | C36: 2 | D36: 5100 | G36: 1 | H36: 32800 | I36: 0 | K36: =2 -> 2 | L36: =9861+12390 -> 22251 | O36: 4 | P36: 6793 | Q36: 0 | R36: 0
B37: R & M | I37: 31 | K37: 0 | L37: 0 | M37: 1 | N37: 4200 | Q37: 1 | R37: 26700 | S37: 6 | T37: 7545
B38: OTHERS & IT | E38: 5 | F38: =4000+7700+6010+8400+4130 -> 30240 | I38: 0 | K38: 1 | L38: 8375 | O38: 3 | P38: 4500 | Q38: 0 | R38: 0 | S38: 6 | T38: 5624
A39: JUN | B39: CIVIL | C39: =2 -> 2 | D39: =17089 -> 17089 | E39: 1 | F39: 4600 | I39: 2 | O39: 8 | P39: 18800 | Q39: 0 | R39: 0
B40: MECH | I40: 10 | O40: 0 | P40: 0 | Q40: 0 | R40: 0
B41: ELE | C41: =20 -> 20 | D41: =25120 -> 25120 | E41: 2 | F41: =1500+3700 -> 5200 | G41: 1 | H41: 1500 | I41: 13 | K41: 1 | L41: 1003 | M41: 2 | N41: 4000 | O41: 7 | P41: 8710 | Q41: 0 | R41: 0
B42: PLU | C42: =3 -> 3 | D42: =14490 -> 14490 | E42: 3 | F42: =1700+3000+30250 -> 34950 | G42: 1 | H42: 1200 | I42: 23 | M42: 2 | N42: 8425 | O42: 0 | P42: 0 | Q42: 0 | R42: 0
B43: CARPENTARY | C43: =3 -> 3 | D43: =11300 -> 11300 | G43: 1 | H43: 4500 | I43: 0 | O43: 11 | P43: 1426 | Q43: 0 | R43: 0 | W43: =4500*18% -> 810
B44: R & M | C44: 1 | D44: =10000 -> 10000 | I44: 24 | K44: 1 | L44: 6900 | Q44: 5 | R44: 18890 | S44: 3 | T44: 4381
B45: OTHERS & IT | C45: =1+1 -> 2 | D45: =449+1500+998 -> 2947 | E45: 3 | F45: =13548+2000+4661 -> 20209 | I45: 1 | M45: 2 | N45: 7800 | O45: 5 | P45: 22037 | Q45: 1 | R45: 2500 | S45: 2 | T45: 10150 | W45: =4500+W43 -> 5310
A46: July | B46: CIVIL | I46: 1 | O46: 2 | P46: 10050 | Q46: 0 | R46: 0
B47: MECH | I47: 19 | Q47: 0 | R47: 0
B48: ELE | C48: 31 | D48: 23970 | E48: 6 | F48: =9900+9800+3300+2600+2500+5980 -> 34080 | G48: 2 | H48: =3852+1500 -> 5352 | I48: 26 | M48: 6 | N48: 7000 | O48: 7 | P48: 8240 | Q48: 1 | R48: 736
B49: PLU | C49: 4 | D49: 4000 | E49: 1 | F49: =12036 -> 12036 | G49: 5 | H49: =3000+1600+2950+1100 -> 8650 | I49: 32 | M49: 4 | N49: 9525 | O49: 1 | P49: 300 | Q49: 2 | R49: 7176
B50: CARPENTARY | C50: 1 | D50: 1500 | E50: 1 | F50: =25000 -> 25000 | I50: 1 | K50: 1 | L50: 2200 | O50: 2 | P50: 650 | Q50: 0 | R50: 0
B51: R & M | I51: 39 | K51: 1 | L51: 920 | P51: 840 | Q51: 6 | R51: 9471 | S51: 1 | T51: 3000
B52: OTHERS & IT | C52: 2 | D52: 1766 | I52: 2 | M52: 5 | N52: 9250 | O52: =4+3 -> 7 | P52: =5375+5000+3304+4897 -> 18576 | Q52: 1 | R52: 850 | S52: 3 | T52: 20000
A53: AUG | B53: CIVIL | C53: 1 | D53: 8766 | I53: 5 | M53: 1 | N53: 3500 | Q53: 0 | R53: 0
B54: MECH | E54: 1 | F54: =4900 -> 4900 | I54: 6 | Q54: 0 | R54: 0
B55: ELE | C55: 1 | D55: 4840 | E55: 2 | F55: =2000+3800 -> 5800 | I55: 13 | K55: 1 | L55: 962 | M55: 3 | N55: 6300 | O55: 3 | P55: 1400 | Q55: 2 | R55: 1800
B56: PLU | C56: 4 | D56: 9200 | G56: 3 | H56: =2243+1600+1687 -> 5530 | I56: 27 | M56: 3 | N56: 5150 | O56: 1 | P56: 400 | Q56: 0 | R56: 0
B57: CARPENTARY | C57: 3 | D57: 10200 | E57: 1 | F57: =19900 -> 19900 | I57: 2 | O57: 3 | P57: 1200 | Q57: 0 | R57: 0
B58: R & M | C58: 2 | D58: 1080 | E58: 1 | F58: 14750 | I58: 26 | M58: 1 | N58: 4520 | P58: =1200+740+900+1400 -> 4240 | Q58: 2 | R58: 2920 | S58: 2 | T58: 21000
B59: OTHERS & IT | I59: 1 | M59: 3 | N59: 8650 | O59: 4 | P59: =364+590+450+2320 -> 3724 | Q59: 0 | R59: 0 | S59: 2 | T59: 26000
A60: SEP | B60: CIVIL | E60: 2 | F60: =9700+25370 -> 35070 | I60: 0 | M60: 1 | N60: 3200 | Q60: 0 | R60: 0
B61: MECH | I61: 5 | Q61: 0 | R61: 0
B62: ELE | I62: 15 | M62: 2 | N62: 4500 | Q62: 0 | R62: 0
B63: PLU | E63: 1 | F63: 2170 | I63: 20 | K63: 1 | L63: 2730 | M63: 2 | N63: 5150 | Q63: 0 | R63: 0
B64: CARPENTARY | G64: 2 | H64: 2124 | I64: 8 | Q64: 0 | R64: 0
B65: R & M | I65: 25 | Q65: 3 | R65: 6020
B66: OTHERS & IT | G66: 2 | H66: =5664+1800 -> 7464 | I66: 3 | M66: 4 | N66: 7300 | Q66: 0 | R66: 0
A67: OCT
A73: NOV
A79: DEC

Sheet GENERATOR CONSMP.
A1: POWER - CONSUMPTION LOG (GENERATOR) - AKESI - 2026
A3: MONTH | B3: 46023 | C3: 46054 | D3: 46082 | E3: 46113 | F3: 46143 | G3: 46174 | H3: 46204 | I3: 46235 | J3: 46266 | K3: 46296 | L3: 46327 | M3: 46357
A4: AKSC - 16 kva
A5: Unit Consumed | B5: 20 | C5: 8 | D5: 21 | E5: 25 | F5: 23 | G5: 22 | H5: 28 | I5: 21
A6: Diesel consumption in (Liters) | B6: 21.89 | C6: 0 | D6: 21.89 | E6: 20 | F6: 20 | G6: 20 | H6: 40 | I6: 20 | J6: 20
A7: Run - Hours | B7: 10.5 | C7: 8 | D7: 12 | E7: 16 | F7: 13 | G7: 17 | H7: 32 | I7: 18 | J7: 18
A8: Quarterly | B8: =SUM(B6:D6) -> 43.78 | E8: =SUM(E6:G6) -> 60 | H8: =SUM(H6:J6) -> 80 | K8: =SUM(K6:M6) -> 0
A10: AKSM - 160 KVA
A11: Unit Consumed | B11: 50 | C11: 50 | D11: 70 | E11: 73 | F11: 75 | G11: 69 | H11: 141 | I11: 49 | N11: =50*9 -> 450
A12: Diesel consumption in (Liters) | B12: 80 | C12: 80 | D12: 100 | E12: 0 | F12: 0 | G12: 40 | H12: 203.38 | I12: 204.08 | J12: 0
A13: Run - Hours | B13: 8 | C13: 8 | D13: 10 | E13: 11 | F13: 11 | G13: 10 | H13: 24 | I13: 8
A14: Quarterly | B14: =SUM(B12:D12) -> 260 | E14: =SUM(E12:G12) -> 40 | H14: =SUM(H12:J12) -> 407.46 | K14: =SUM(K12:M12) -> 0
A16: AKHH - 63 KVA
A17: Unit Consumed (KWH) | B17: 75.7 | C17: 92.3 | D17: 472.2 | E17: 285 | F17: 261.5 | G17: 579 | H17: 467 | I17: 116 | J17: 149.1
A18: Diesel consumption in (Liters) | B18: 70 | C18: 95 | D18: 160 | E18: 140 | F18: 120 | G18: 140 | H18: 200 | I18: 115 | J18: 40
A19: Run - Hours | B19: 5.18 | C19: 5.42 | D19: 29.35 | E19: 20.49 | F19: 26.49 | G19: 36 | H19: 36.7 | I19: 12 | J19: 11.06
A20: Quarterly | B20: =SUM(B18:D18) -> 325 | E20: =SUM(E18:G18) -> 400 | H20: =SUM(H18:J18) -> 355 | K20: =SUM(K18:M18) -> 0

Sheet WATER TESTS
A1: PARAMETERS | D1: Note: Every Halfterys should done with NABL accrediated lab (like Q2 & Q4 or Q1 & Q3) | H1: CHEMICAL PARAMETERS | V1: MICROBIOLOGICAL PARAMETERS
A2: PARAMETERS Sub Classification Bore Well | D2: Colour | E2: Turbidity | F2: pH | G2: Electrical Conductivity | H2: Total Dissolved Solids | I2: Total Hardness as Caco3 | J2: Alkalilnity to Phenolphthalein | K2: Methyl Orange Alkalinity | L2: Calcium as Ca, | M2: Magnesium as Mg | N2: Soldium as Na, | O2: Potassium as K, | P2: Chloride as Cl, | Q2: Sulphates as S04, | R2: Nitrates as No3, | S2: Fluoride as F | T2: Iron | U2: Silica | V2: Total Bacterial Count | W2: Coli form | X2: E coli
A3: UNITS | D3: Hazen | E3: NTU | G3: Us/cm | H3: mg/l | I3: mg/l | J3: mg/l | K3: mg/l | L3: mg/l | M3: mg/l | N3: mg/l | O3: mg/l | P3: mg/l | Q3: mg/l | R3: mg/l | S3: mg/l | T3: mg/l | U3: mg/l | V3: Cfu/ml | W3: MPN/100ml
A4: DESIRABLE LIMITS | D4: 5 | E4: 1 | F4: 6.5 - 8.5 | G4: 500-1500 | H4: 500 | I4: 200 | J4: NS | K4: 200 | L4: 75 | M4: 30 | N4: NS | O4: NS | P4: 250 | Q4: 200 | R4: 45 | S4: 1 | T4: 0.3 | U4: 10 - 50 | V4: NS | W4: Nil | X4: Absent 100ml
A5: DJHSM | B5: Q1 | C5: At Source | D5: 3 | E5: <1 | F5: 7.22 | G5: - | H5: 50 | I5: 10 | J5: 8 | L5: 8.4 | P5: 11.5 | Q5: 1.13 | R5: 1.22 | S5: BDL | T5: 0.06 | V5: absent | W5: absent | X5: absent
C6: Drinking Water | D6: 3 | E6: <1 | F6: 7.13 | H6: 55 | I6: 14 | J6: 10 | L6: 10.5 | P6: 12 | Q6: 1.17 | R6: 1.3 | S6: BDL | T6: 0.1 | V6: absent | W6: absent | X6: absent
B7: Q2 | C7: At Source | D7: 3 | E7: <1 | F7: 6.87 | H7: 85 | I7: 18 | J7: 12 | L7: 12.6 | P7: 27.5 | Q7: 1.85 | R7: 1.7 | S7: BDL | T7: 0.1 | V7: absent | W7: absent | X7: absent
C8: Drinking Water | D8: 3 | E8: <1 | F8: 6.9 | H8: 80 | I8: 18 | J8: 12 | L8: 12.6 | P8: 24 | Q8: 1.8 | R8: 1.68 | S8: BDL | T8: 0.1 | V8: absent | W8: absent | X8: absent
B9: Q3 | C9: At Source
C10: Drinking Water
B11: Q4 | C11: At Source
C12: Drinking Water
A13: DJG | B13: Q1 | C13: At Source | D13: 3 | E13: <1 | F13: 7.16 | H13: 86 | I13: 26 | J13: 16 | L13: 16.8 | P13: 15 | Q13: 1.72 | R13: 1.4 | S13: BDL | T13: 0.1 | V13: ABSENT | W13: ABSENT | X13: ABSENT
C14: Drinking Water | D14: 3 | E14: <1 | F14: 7.14 | H14: 84 | I14: 18 | J14: 12 | L14: 12.6 | P14: 14 | Q14: 1.6 | R14: 1.4 | S14: BDL | T14: 0.1 | V14: ABSENT | W14: ABSENT | X14: ABSENT
B15: Q2 | C15: At Source | D15: 3 | E15: <1 | F15: 6.8 | H15: 90 | I15: 22 | J15: 14 | L15: 14.7 | P15: 35 | Q15: 1.85 | R15: 1.3 | S15: BDL | T15: 0.1 | V15: ABSENT | W15: ABSENT | X15: ABSENT
C16: Drinking Water | D16: 3 | E16: <1 | F16: 6.78 | H16: 80 | I16: 18 | J16: 12 | L16: 12.6 | P16: 35 | Q16: 1.8 | R16: 1.2 | S16: BDL | T16: 0.1 | V16: ABSENT | W16: ABSENT | X16: ABSENT
B17: Q3 | C17: At Source
C18: Drinking Water
B19: Q4 | C19: At Source
C20: Drinking Water
A21: AKSS | B21: Q1 | C21: At Source (WELL) | D21: 2 | E21: 1.58 | F21: 7.78 | G21: - | H21: 918 | I21: 228 | J21: 296 | K21: - | L21: 62 | M21: 18 | N21: - | O21: - | P21: 272 | Q21: 70 | R21: 58.15 | S21: 1.99 | T21: - | U21: - | V21: - | W21: - | X21: -
C22: Drinking Water | D22: 1 | E22: 0.71 | F22: 7.83 | G22: - | H22: 310 | I22: 132 | J22: 84 | K22: - | L22: 34 | M22: 11 | N22: - | O22: - | P22: 64 | Q22: 15 | R22: 15.1 | S22: 0.18 | T22: - | U22: - | V22: - | W22: - | X22: -
B23: Q2 | C23: At Source (WELL) | D23: 2 | E23: 1.87 | F23: 7.52 | G23: - | H23: 1232 | I23: 480 | J23: 260 | K23: - | L23: 132 | M23: 36 | N23: - | O23: - | P23: 276 | Q23: 98 | R23: 150 | S23: 0.43 | T23: - | U23: - | V23: - | W23: - | X23: -
C24: Drinking Water | D24: 1 | E24: 1.23 | F24: 7.99 | G24: - | H24: 226 | I24: 76 | J24: 42 | K24: - | L24: 15 | M24: 9 | N24: - | O24: - | P24: 48 | Q24: 11 | R24: 56.9 | S24: 0.21 | T24: - | U24: - | V24: - | W24: - | X24: -
B25: Q3 | C25: At Source (WELL)
C26: Drinking Water
B27: Q4 | C27: At Source (WELL)
C28: Drinking Water
A29: AKSC | B29: Q1 | C29: At Source
C30: Drinking Water
B31: Q2 | C31: At Source
C32: Drinking Water
B33: Q3 | C33: At Source -BW
C34: Drinking Water
B35: Q4 | C35: At Source
C36: Drinking Water
A37: AKSM | B37: Q1 | C37: At Source -Mun | D37: 1 | E37: 1.87 | F37: 7.85 | G37: 0 | H37: 1856 | I37: 496 | J37: 476 | K37: 0 | L37: 115 | M37: 51 | N37: 0 | O37: 0 | P37: 660 | Q37: 202 | R37: 6.65 | S37: 0.68 | T37: 0 | U37: 0 | V37: ABSENT | W37: ABSENT | X37: ABSENT
C38: At Source -BW | D38: 1 | E38: 1.56 | F38: 7.25 | G38: 0 | H38: 2410 | I38: 660 | J38: 620 | K38: 0 | L38: 160 | M38: 63 | N38: 0 | O38: 0 | P38: 808 | Q38: 268 | R38: 6.65 | S38: 0.61 | T38: 0 | U38: 0 | V38: ABSENT | W38: ABSENT | X38: ABSENT
C39: Drinking Water- RO | D39: 1 | E39: 0.18 | F39: 7.02 | G39: 0 | H39: 162 | I39: 32 | J39: 68 | K39: 0 | L39: 8 | M39: 3 | N39: 0 | O39: 0 | P39: 40 | Q39: 10 | R39: 2.22 | S39: 0.12 | T39: 0 | U39: 0 | V39: ABSENT | W39: ABSENT | X39: ABSENT
B40: Q2 | C40: At Source -Mun
C41: At Source -BW | D41: 5 | E41: 1.28 | F41: 7.47 | G41: 0 | H41: 1932 | I41: 460 | J41: 328 | K41: 0 | L41: 103 | M41: 49 | N41: 0 | O41: 0 | P41: 668 | Q41: 172 | R41: 6.65 | S41: 0.52 | T41: 0 | U41: 0
C42: WTP Plant | D42: 5 | E42: 0.44 | F42: 7.42 | G42: 0 | H42: 124 | I42: 8 | J42: 44 | K42: 0 | L42: 2 | M42: 1 | N42: 0 | O42: 0 | P42: 32 | Q42: 6 | R42: 0 | S42: 0.1 | T42: 0 | U42: 0
C43: Drinking Water - RO | D43: 1 | E43: 0.63 | F43: 6.57 | G43: 0 | H43: 182 | I43: 32 | J43: 40 | K43: 0 | L43: 8 | M43: 3 | N43: 0 | O43: 0 | P43: 64 | Q43: 10 | R43: 2.22 | S43: 0.12 | T43: 0 | U43: 0
B44: Q3 | C44: At Source
C45: Drinking Water
B46: Q4 | C46: At Source -Muni
C47: At Source -BW
C48: Drinking Water- RO
A49: PJHSW | B49: Q1 | C49: At Source (BW-1) | D49: 5 | E49: - | F49: 7 | G49: 2000 | H49: 1300 | I49: 280 | J49: NIL | K49: - | L49: - | M49: 60 | N49: - | O49: - | P49: 240 | Q49: - | R49: - | S49: 0.54 | T49: - | U49: - | V49: ABSENT | W49: ABSENT | X49: ABSENT
C50: At Source (BW-2) | D50: 5 | E50: - | F50: 7 | G50: 2000 | H50: 1300 | I50: 280 | J50: NIL | K50: - | L50: - | M50: 60 | N50: - | O50: - | P50: 240 | Q50: - | R50: - | S50: 0.54 | T50: - | U50: - | V50: ABSENT | W50: ABSENT | X50: ABSENT
C51: WTP Plant | D51: 5 | E51: - | F51: 7.2 | G51: 4100 | H51: 2665 | I51: 300 | J51: NIL | K51: - | L51: - | M51: 60 | N51: - | O51: - | P51: 720 | Q51: - | R51: - | S51: 0.14 | T51: - | U51: - | V51: ABSENT | W51: ABSENT | X51: ABSENT
C52: RO Plant | D52: 5 | E52: - | F52: 7.1 | G52: 600 | H52: 390 | I52: 55 | J52: NIL | K52: - | L52: - | M52: 7 | N52: - | O52: - | P52: 40 | Q52: - | R52: - | S52: 0.38 | T52: - | U52: - | V52: ABSENT | W52: ABSENT | X52: ABSENT
B53: Q2 | C53: At Source (BW-1) | D53: 5 | E53: - | F53: 7 | G53: 1330 | H53: 860 | I53: 180 | J53: NIL | K53: - | L53: 112 | M53: 68 | N53: - | O53: - | P53: 80 | Q53: - | R53: - | S53: 0.48 | T53: - | U53: - | V53: ABSENT | W53: ABSENT | X53: ABSENT
C54: At Source (BW-2) | D54: 5 | E54: - | F54: 6.9 | G54: 1250 | H54: 812 | I54: 200 | J54: NIL | K54: - | L54: 120 | M54: 80 | N54: - | O54: - | P54: 88 | Q54: - | R54: - | S54: 0.49 | T54: - | U54: - | V54: ABSENT | W54: ABSENT | X54: ABSENT
C55: WTP Plant | D55: 5 | E55: - | F55: 7 | G55: 1160 | H55: 266 | I55: 192 | J55: NIL | K55: - | L55: 100 | M55: 92 | N55: - | O55: - | P55: 80 | Q55: - | R55: - | S55: 0.3 | T55: - | U55: - | V55: ABSENT | W55: ABSENT | X55: ABSENT
C56: RO Plant | D56: 5 | E56: - | F56: 6.9 | G56: 410 | H56: 754 | I56: 50 | J56: NIL | K56: - | L56: 32 | M56: 18 | N56: - | O56: - | P56: 25 | Q56: - | R56: - | S56: 0.23 | T56: - | U56: - | V56: ABSENT | W56: ABSENT | X56: ABSENT
B57: Q3 | C57: At Source (BW-1)
C58: At Source (BW-2)
C59: WTP Plant
C60: RO Plant
B61: Q4 | C61: At Source (BW-1)
C62: At Source (BW-2)
C63: WTP Plant
C64: RO Plant
A65: LSHSA | B65: Q1 | C65: Borwell | D65: <1 | E65: 1.5 | F65: 7.46 | G65: 1221 | H65: 787 | I65: 390 | J65: <1 | K65: 350 | L65: 112 | M65: 26.4 | N65: 98.4 | O65: 3.9 | P65: 105 | Q65: 98.9 | R65: 9.4 | S65: 0.6 | T65: 0.14 | U65: 5.7 | V65: 27 | W65: Not Detected | X65: Not Detected
C66: RO Plant | D66: <1 | E66: <1 | F66: 6.6 | G66: 194 | H66: 121 | I66: 30 | J66: <1 | K66: 30 | L66: 8 | M66: 2.4 | N66: 29.6 | O66: 0.8 | P66: 30 | Q66: 21.8 | R66: 1.2 | S66: 0.1 | T66: 0.04 | U66: 0.02 | V66: Not Detected | W66: Not Detected | X66: Not Detected
B67: Q2 | C67: Borwell
C68: RO Plant
B69: Q3 | C69: Borwell
C70: RO Plant
C71: Borwell
C72: RO Plant
A73: DJHSH (PRI) | B73: Q1 | C73: At Source | D73: <1 | E73: <1 | F73: 7.66 | G73: 555 | H73: 357 | I73: 190 | J73: <1 | K73: 140 | L73: 40 | M73: 21.6 | N73: 37.7 | O73: 2.7 | P73: 55 | Q73: 52.8 | R73: 4.9 | S73: 0.29 | T73: 0.09 | U73: 2.7 | V73: Not Detected | W73: Not Detected | X73: Not Detected
C74: Drinking Water
C75: Borewell water
B76: Q2 | C76: At Source
C77: Drinking Water
C78: Borewell water
B79: Q3 | C79: At Source
C80: Drinking Water | D80: <1 | E80: <0.1 | F80: 7.8 | G80: 587 | H80: 701 | I80: 170 | J80: <1.0 | K80: 140 | L80: 36 | M80: 19.2 | N80: 54.2 | O80: 2.7 | P80: 110 | Q80: 46.4 | R80: 6.2 | S80: 0.4 | T80: 0.07 | U80: 4 | V80: Not Detected | W80: Absent | X80: Absent
C81: Borewell water | D81: <1 | E81: <0.1 | F81: 7.21 | G81: 1095 | H81: 701 | I81: 440 | J81: <1.0 | K81: 290 | L81: 120 | M81: 33.6 | N81: 46.1 | O81: 3.5 | P81: 110 | Q81: 89.4 | R81: 10.5 | S81: 0.5 | T81: 0.11 | U81: 7.1 | V81: Not Detected | W81: Absent | X81: Absent
B82: Q4 | C82: At Source
C83: Drinking Water
C84: Borewell water
A85: DJHSH (SEC) | B85: Q1 | C85: At Source | D85: <1 | E85: <1 | F85: 7.14 | G85: 574 | H85: 369 | I85: 180 | J85: <1 | K85: 140 | L85: 36 | M85: 21.6 | N85: 47.1 | O85: 2.4 | P85: 60 | Q85: 55.6 | R85: 4.4 | S85: 0.27 | T85: 0.08 | U85: 2.1 | V85: Not Detected | W85: Not Detected | X85: Not Detected
C86: Drinking Water
B87: Q2 | C87: At Source
C88: Drinking Water
B89: Q3 | C89: At Source | D89: <1 | E89: <0.1 | F89: 7.74 | G89: 729 | H89: 461 | I89: 190 | J89: <1.0 | K89: 180 | L89: 40 | M89: 21 | N89: 77.7 | O89: 3.1 | P89: 75 | Q89: 69.4 | R89: 6.8 | S89: 0.41 | T89: 0.09 | U89: 4.5 | V89: Not Detected | W89: Absent | X89: Absent
C90: Drinking Water
C91: Borewell water | D91: 5 | E91: 4.1 | F91: 7.05 | G91: 1069 | H91: 689 | I91: 330 | J91: 1 | K91: 340 | L91: 84 | M91: 28.8 | N91: 91 | O91: 3.9 | P91: 95 | Q91: 50.1 | R91: 9.4 | S91: 0.51 | T91: 0.14 | U91: 5.7 | V91: 49 | W91: Not Detected | X91: Not Detected
B92: Q4 | C92: At Source
C93: Drinking Water
A94: AKHH | B94: Q1 | C94: At Source
C95: Borewell water-1 | D95: <1 | E95: <1.0 | F95: 6.92 | G95: 1429 | H95: 929 | I95: 540 | J95: <1.0 | K95: 330 | L95: 188 | M95: 16.8 | N95: 76.8 | O95: 4.3 | P95: 90 | Q95: 221.9 | R95: 31.6 | S95: 0.55 | T95: 0.18 | U95: 18.6 | V95: 45100 | W95: 39 | X95: 2
C96: Borewell water-2 | D96: <1 | E96: <1.0 | F96: 7.24 | G96: 1463 | H96: 952 | I96: 580 | J96: <1.0 | K96: 330 | L96: 132 | M96: 60 | N96: 65.8 | O96: 5.1 | P96: 145 | Q96: 163.4 | R96: 32.2 | S96: 0.5 | T96: 0.24 | U96: 16.2 | V96: 39600 | W96: 21 | X96: 2
C97: Borewell water-3 | D97: <1 | E97: <1.0 | F97: 7.04 | G97: 1593 | H97: 1035 | I97: 630 | J97: <1.0 | K97: 330 | L97: 156 | M97: 57.6 | N97: 72.8 | O97: 4.9 | P97: 195 | Q97: 160.1 | R97: 29.8 | S97: 0.55 | T97: 0.2 | U97: 15.2 | V97: 32400 | W97: 17 | X97: 2
C98: RO Drinking Water-1 | D98: <1 | E98: <1.0 | F98: 6.74 | G98: 180 | H98: 118 | I98: 50 | J98: <1.0 | K98: 30 | L98: 12 | M98: 4.8 | N98: 16.8 | O98: 2 | P98: 20 | Q98: 26.2 | R98: 5.6 | S98: 0.15 | T98: 0.05 | U98: 2.2 | V98: Not Detected | W98: Not Detected | X98: Not Detected
C99: RO Drinking Water-2 | D99: <1 | E99: <1.0 | F99: 6.56 | G99: 177 | H99: 115 | I99: 50 | J99: <1.0 | K99: 30 | L99: 12 | M99: 4.8 | N99: 15.9 | O99: 1.6 | P99: 20 | Q99: 24.3 | R99: 5 | S99: 0.18 | T99: 0.06 | U99: 2.6 | V99: Not Detected | W99: Not Detected | X99: Not Detected
C100: WTP Plant | D100: <1 | E100: <1.0 | F100: 7.36 | G100: 1432 | H100: 930 | I100: 560 | J100: <1.0 | K100: 340 | L100: 156 | M100: 40.8 | N100: 67.9 | O100: 4.8 | P100: 115 | Q100: 182.8 | R100: 27.3 | S100: 0.52 | T100: 0.16 | U100: 12.4 | V100: 91000 | W100: 239 | X100: 32
...

Sheet AMC-LOG
A1: AKESI - AMC LOG - 2026 | U1: AUDIT CONTROL
A2: SCHOOL | B2: AMC | C2: START DT. | D2: EXP DT. | E2: Service Type | F2: Service Provider | G2: cost of Service | H2: 46023 | I2: 46055 | J2: 46082 | K2: 46141 | L2: 46172 | M2: 46203 | N2: 46233 | O2: 46265 | P2: 46267 | Q2: 46298 | R2: 46330 | S2: 46361 | T2: Remarks | U2: Status
A3: DJHSM | B3: ELECTRICAL | U3: =IF(B3="","",IF(OR(C3="",D3=""),"INCOMPLETE",IF(C3>D3,"DATE ERROR",IF(D3<CONFIG!$B$8,"EXPIRED",IF(D3<=CONFIG!$B$8+30,"EXPIRING <=30D",IF(D3<=CONFIG!$B$8+90,"EXPIRING <=90D","ACTIVE")))))) -> INCOMPLETE
B4: PLUMBING | U4: =IF(B4="","",IF(OR(C4="",D4=""),"INCOMPLETE",IF(C4>D4,"DATE ERROR",IF(D4<CONFIG!$B$8,"EXPIRED",IF(D4<=CONFIG!$B$8+30,"EXPIRING <=30D",IF(D4<=CONFIG!$B$8+90,"EXPIRING <=90D","ACTIVE")))))) -> INCOMPLETE
B5: FIRE SYSTEM | C5: 46204 | D5: 46934 | E5: Non-Comprehensive | F5: Mauli Fire Safety Services | G5: 47200 | N5: 11800 | Q5: 11800 | U5: =IF(B5="","",IF(OR(C5="",D5=""),"INCOMPLETE",IF(C5>D5,"DATE ERROR",IF(D5<CONFIG!$B$8,"EXPIRED",IF(D5<=CONFIG!$B$8+30,"EXPIRING <=30D",IF(D5<=CONFIG!$B$8+90,"EXPIRING <=90D","ACTIVE")))))) -> ACTIVE
B6: AIRCONDTION | G6: 10400 | H6: 2600 (2027) | K6: 2600 (2027) | N6: 2600 | Q6: 2600 | U6: =IF(B6="","",IF(OR(C6="",D6=""),"INCOMPLETE",IF(C6>D6,"DATE ERROR",IF(D6<CONFIG!$B$8,"EXPIRED",IF(D6<=CONFIG!$B$8+30,"EXPIRING <=30D",IF(D6<=CONFIG!$B$8+90,"EXPIRING <=90D","ACTIVE")))))) -> INCOMPLETE
B7: PEST CONTROL | C7: 45809 | D7: 46173 | E7: Non-Comprehensive | F7: PEST SHIELD | G7: 106386 | H7: 15198 | I7: 15198 | J7: 15198 | K7: 15198 | L7: 15198 | U7: =IF(B7="","",IF(OR(C7="",D7=""),"INCOMPLETE",IF(C7>D7,"DATE ERROR",IF(D7<CONFIG!$B$8,"EXPIRED",IF(D7<=CONFIG!$B$8+30,"EXPIRING <=30D",IF(D7<=CONFIG!$B$8+90,"EXPIRING <=90D","ACTIVE")))))) -> EXPIRED
B8: RO/UF/WTP | C8: 45962 | D8: 46326 | E8: Non-Comprehensive | F8: ACE Hygeinic products Pvt. ltd | G8: 6900 | U8: =IF(B8="","",IF(OR(C8="",D8=""),"INCOMPLETE",IF(C8>D8,"DATE ERROR",IF(D8<CONFIG!$B$8,"EXPIRED",IF(D8<=CONFIG!$B$8+30,"EXPIRING <=30D",IF(D8<=CONFIG!$B$8+90,"EXPIRING <=90D","ACTIVE")))))) -> EXPIRING <=30D
B9: ELEVATOR | D9: 46203 | E9: Gold Contract | F9: TK Elevator India Pvt. Ltd. | G9: 224448 | H9: 224448 | U9: =IF(B9="","",IF(OR(C9="",D9=""),"INCOMPLETE",IF(C9>D9,"DATE ERROR",IF(D9<CONFIG!$B$8,"EXPIRED",IF(D9<=CONFIG!$B$8+30,"EXPIRING <=30D",IF(D9<=CONFIG!$B$8+90,"EXPIRING <=90D","ACTIVE")))))) -> INCOMPLETE
A10: DJG | B10: ELECTRICAL | U10: =IF(B10="","",IF(OR(C10="",D10=""),"INCOMPLETE",IF(C10>D10,"DATE ERROR",IF(D10<CONFIG!$B$8,"EXPIRED",IF(D10<=CONFIG!$B$8+30,"EXPIRING <=30D",IF(D10<=CONFIG!$B$8+90,"EXPIRING <=90D","ACTIVE")))))) -> INCOMPLETE
B11: PLUMBING | U11: =IF(B11="","",IF(OR(C11="",D11=""),"INCOMPLETE",IF(C11>D11,"DATE ERROR",IF(D11<CONFIG!$B$8,"EXPIRED",IF(D11<=CONFIG!$B$8+30,"EXPIRING <=30D",IF(D11<=CONFIG!$B$8+90,"EXPIRING <=90D","ACTIVE")))))) -> INCOMPLETE
B12: FIRE SYSTEM | E12: Non-Comprehensive | F12: Mauli Fire Safety Services | G12: 40000 | U12: =IF(B12="","",IF(OR(C12="",D12=""),"INCOMPLETE",IF(C12>D12,"DATE ERROR",IF(D12<CONFIG!$B$8,"EXPIRED",IF(D12<=CONFIG!$B$8+30,"EXPIRING <=30D",IF(D12<=CONFIG!$B$8+90,"EXPIRING <=90D","ACTIVE")))))) -> INCOMPLETE
B13: AIRCONDTION | U13: =IF(B13="","",IF(OR(C13="",D13=""),"INCOMPLETE",IF(C13>D13,"DATE ERROR",IF(D13<CONFIG!$B$8,"EXPIRED",IF(D13<=CONFIG!$B$8+30,"EXPIRING <=30D",IF(D13<=CONFIG!$B$8+90,"EXPIRING <=90D","ACTIVE")))))) -> INCOMPLETE
B14: RO/UF/WTP | U14: =IF(B14="","",IF(OR(C14="",D14=""),"INCOMPLETE",IF(C14>D14,"DATE ERROR",IF(D14<CONFIG!$B$8,"EXPIRED",IF(D14<=CONFIG!$B$8+30,"EXPIRING <=30D",IF(D14<=CONFIG!$B$8+90,"EXPIRING <=90D","ACTIVE")))))) -> INCOMPLETE
A15: AKSM | B15: PEST CONTROL | C15: 46113 | D15: 46843 | E15: Non-Comprehensive | F15: PCI-PEST CONTROL PVT LTD | U15: =IF(B15="","",IF(OR(C15="",D15=""),"INCOMPLETE",IF(C15>D15,"DATE ERROR",IF(D15<CONFIG!$B$8,"EXPIRED",IF(D15<=CONFIG!$B$8+30,"EXPIRING <=30D",IF(D15<=CONFIG!$B$8+90,"EXPIRING <=90D","ACTIVE")))))) -> ACTIVE
B16: Air Condition | C16: 46204 | D16: 46934 | E16: Non-Comprehensive | F16: Sama Electric | G16: =(11*2800)+(11*2800)*18% -> 36344 | H16: 0 | I16: 0 | J16: 0 | K16: 0 | L16: 0 | M16: 0 | U16: =IF(B16="","",IF(OR(C16="",D16=""),"INCOMPLETE",IF(C16>D16,"DATE ERROR",IF(D16<CONFIG!$B$8,"EXPIRED",IF(D16<=CONFIG!$B$8+30,"EXPIRING <=30D",IF(D16<=CONFIG!$B$8+90,"EXPIRING <=90D","ACTIVE")))))) -> ACTIVE
B17: Photocopier Machine | C17: 46023 | D17: 46387 | E17: Non-Comprehensive | F17: Fortune Sales Agency | G17: 0.39 | U17: =IF(B17="","",IF(OR(C17="",D17=""),"INCOMPLETE",IF(C17>D17,"DATE ERROR",IF(D17<CONFIG!$B$8,"EXPIRED",IF(D17<=CONFIG!$B$8+30,"EXPIRING <=30D",IF(D17<=CONFIG!$B$8+90,"EXPIRING <=90D","ACTIVE")))))) -> EXPIRING <=90D
B18: PLUMBING | U18: =IF(B18="","",IF(OR(C18="",D18=""),"INCOMPLETE",IF(C18>D18,"DATE ERROR",IF(D18<CONFIG!$B$8,"EXPIRED",IF(D18<=CONFIG!$B$8+30,"EXPIRING <=30D",IF(D18<=CONFIG!$B$8+90,"EXPIRING <=90D","ACTIVE")))))) -> INCOMPLETE
B19: Internet | C19: 46204 | D19: 46568 | E19: Internet 200MBPS | F19: Ishan Netsol Pvt Ltd | U19: =IF(B19="","",IF(OR(C19="",D19=""),"INCOMPLETE",IF(C19>D19,"DATE ERROR",IF(D19<CONFIG!$B$8,"EXPIRED",IF(D19<=CONFIG!$B$8+30,"EXPIRING <=30D",IF(D19<=CONFIG!$B$8+90,"EXPIRING <=90D","ACTIVE")))))) -> ACTIVE
B20: H.K. Materials | C20: 46113 | D20: 46843 | F20: POP Online Services Pvt Ltd | G20: As per need | U20: =IF(B20="","",IF(OR(C20="",D20=""),"INCOMPLETE",IF(C20>D20,"DATE ERROR",IF(D20<CONFIG!$B$8,"EXPIRED",IF(D20<=CONFIG!$B$8+30,"EXPIRING <=30D",IF(D20<=CONFIG!$B$8+90,"EXPIRING <=90D","ACTIVE")))))) -> ACTIVE
B21: Contract of HK | C21: 44927 | D21: 46387 | F21: M/s. Sky Touch Security & Allied Service | U21: =IF(B21="","",IF(OR(C21="",D21=""),"INCOMPLETE",IF(C21>D21,"DATE ERROR",IF(D21<CONFIG!$B$8,"EXPIRED",IF(D21<=CONFIG!$B$8+30,"EXPIRING <=30D",IF(D21<=CONFIG!$B$8+90,"EXPIRING <=90D","ACTIVE")))))) -> EXPIRING <=90D
B22: Contract of Security | C22: 44927 | D22: 46387 | F22: M/s. Sky Touch Security & Allied Service | U22: =IF(B22="","",IF(OR(C22="",D22=""),"INCOMPLETE",IF(C22>D22,"DATE ERROR",IF(D22<CONFIG!$B$8,"EXPIRED",IF(D22<=CONFIG!$B$8+30,"EXPIRING <=30D",IF(D22<=CONFIG!$B$8+90,"EXPIRING <=90D","ACTIVE")))))) -> EXPIRING <=90D
B23: STATIONERY | C23: 45839 | D23: 46203 | F23: Shah Premji Ratanshi | G23: As per need | U23: =IF(B23="","",IF(OR(C23="",D23=""),"INCOMPLETE",IF(C23>D23,"DATE ERROR",IF(D23<CONFIG!$B$8,"EXPIRED",IF(D23<=CONFIG!$B$8+30,"EXPIRING <=30D",IF(D23<=CONFIG!$B$8+90,"EXPIRING <=90D","ACTIVE")))))) -> EXPIRED
B24: FIRE SYSTEM | C24: 45839 | D24: 46203 | E24: Non-Comprehensive | F24: Vijay Fire Station | G24: 38000 | U24: =IF(B24="","",IF(OR(C24="",D24=""),"INCOMPLETE",IF(C24>D24,"DATE ERROR",IF(D24<CONFIG!$B$8,"EXPIRED",IF(D24<=CONFIG!$B$8+30,"EXPIRING <=30D",IF(D24<=CONFIG!$B$8+90,"EXPIRING <=90D","ACTIVE")))))) -> EXPIRED
B25: RO/UF/WTP | U25: =IF(B25="","",IF(OR(C25="",D25=""),"INCOMPLETE",IF(C25>D25,"DATE ERROR",IF(D25<CONFIG!$B$8,"EXPIRED",IF(D25<=CONFIG!$B$8+30,"EXPIRING <=30D",IF(D25<=CONFIG!$B$8+90,"EXPIRING <=90D","ACTIVE")))))) -> INCOMPLETE
B26: GENERATOR | U26: =IF(B26="","",IF(OR(C26="",D26=""),"INCOMPLETE",IF(C26>D26,"DATE ERROR",IF(D26<CONFIG!$B$8,"EXPIRED",IF(D26<=CONFIG!$B$8+30,"EXPIRING <=30D",IF(D26<=CONFIG!$B$8+90,"EXPIRING <=90D","ACTIVE")))))) -> INCOMPLETE
A27: AKSS | B27: ELECTRICAL | F27: - | G27: - | H27: - | I27: - | J27: - | K27: - | L27: - | M27: - | N27: - | O27: - | P27: - | U27: =IF(B27="","",IF(OR(C27="",D27=""),"INCOMPLETE",IF(C27>D27,"DATE ERROR",IF(D27<CONFIG!$B$8,"EXPIRED",IF(D27<=CONFIG!$B$8+30,"EXPIRING <=30D",IF(D27<=CONFIG!$B$8+90,"EXPIRING <=90D","ACTIVE")))))) -> INCOMPLETE
B28: PLUMBING | F28: - | G28: - | H28: - | I28: - | J28: - | K28: - | L28: - | M28: - | N28: - | O28: - | P28: - | U28: =IF(B28="","",IF(OR(C28="",D28=""),"INCOMPLETE",IF(C28>D28,"DATE ERROR",IF(D28<CONFIG!$B$8,"EXPIRED",IF(D28<=CONFIG!$B$8+30,"EXPIRING <=30D",IF(D28<=CONFIG!$B$8+90,"EXPIRING <=90D","ACTIVE")))))) -> INCOMPLETE
B29: FIRE SYSTEM | E29: Non-Comprehensive | F29: S. K. Enterpirse | G29: 18,000/- | H29: - | I29: - | J29: - | K29: 4,500/- | L29: - | M29: - | N29: - | O29: - | P29: 12,200/- | U29: =IF(B29="","",IF(OR(C29="",D29=""),"INCOMPLETE",IF(C29>D29,"DATE ERROR",IF(D29<CONFIG!$B$8,"EXPIRED",IF(D29<=CONFIG!$B$8+30,"EXPIRING <=30D",IF(D29<=CONFIG!$B$8+90,"EXPIRING <=90D","ACTIVE")))))) -> INCOMPLETE
B30: STATIONERY | E30: Consumable item | F30: Dhoni Stationery Mart | G30: - | H30: 12,000/- | I30: - | J30: - | K30: - | L30: - | M30: - | N30: - | O30: - | P30: - | U30: =IF(B30="","",IF(OR(C30="",D30=""),"INCOMPLETE",IF(C30>D30,"DATE ERROR",IF(D30<CONFIG!$B$8,"EXPIRED",IF(D30<=CONFIG!$B$8+30,"EXPIRING <=30D",IF(D30<=CONFIG!$B$8+90,"EXPIRING <=90D","ACTIVE")))))) -> INCOMPLETE
B31: SECURITY GUARD | E31: Security | F31: Manforce Security Services | G31: 53,596.62/- | H31: 54,818/- | I31: 53,919/- | J31: 44,633/- | K31: 56,439/- | L31: 56,439/- | M31: 55,825/- | N31: 55,212/- | O31: 54,598/- | P31: 57,052/- | U31: =IF(B31="","",IF(OR(C31="",D31=""),"INCOMPLETE",IF(C31>D31,"DATE ERROR",IF(D31<CONFIG!$B$8,"EXPIRED",IF(D31<=CONFIG!$B$8+30,"EXPIRING <=30D",IF(D31<=CONFIG!$B$8+90,"EXPIRING <=90D","ACTIVE")))))) -> INCOMPLETE
B32: HOUSEKEEPING STAFF | E32: Housekeeping | F32: Smartline Facility Management Pvt. Ltd. | G32: 1,09,502.75/- | H32: 1,00,018/- | I32: 86,967/- | J32: 85,474/- | K32: 99,987/- | L32: 86,529/- | M32: 91,728/- | N32: 99,986/- | O32: 1,07,021/- | P32: 1,08,245/- | U32: =IF(B32="","",IF(OR(C32="",D32=""),"INCOMPLETE",IF(C32>D32,"DATE ERROR",IF(D32<CONFIG!$B$8,"EXPIRED",IF(D32<=CONFIG!$B$8+30,"EXPIRING <=30D",IF(D32<=CONFIG!$B$8+90,"EXPIRING <=90D","ACTIVE")))))) -> INCOMPLETE
B33: PEST CONTROL | E33: Non-Comprehensive | F33: Pest Control Pvt. Ltd. | G33: 47,484/- (excd. GST) | H33: 4,669/- | I33: 4,669/- | J33: 4,669/- | K33: - | L33: 4,669/- | M33: - | N33: - | O33: - | P33: - | U33: =IF(B33="","",IF(OR(C33="",D33=""),"INCOMPLETE",IF(C33>D33,"DATE ERROR",IF(D33<CONFIG!$B$8,"EXPIRED",IF(D33<=CONFIG!$B$8+30,"EXPIRING <=30D",IF(D33<=CONFIG!$B$8+90,"EXPIRING <=90D","ACTIVE")))))) -> INCOMPLETE
B34: AIR CONDTION | C34: 46204 | D34: 46203 | E34: AC Service | F34: Superb Cool Service | H34: - | I34: - | J34: - | K34: - | L34: - | M34: - | N34: 4,450/- | O34: - | P34: - | U34: =IF(B34="","",IF(OR(C34="",D34=""),"INCOMPLETE",IF(C34>D34,"DATE ERROR",IF(D34<CONFIG!$B$8,"EXPIRED",IF(D34<=CONFIG!$B$8+30,"EXPIRING <=30D",IF(D34<=CONFIG!$B$8+90,"EXPIRING <=90D","ACTIVE")))))) -> DATE ERROR
A35: AKSC | B35: ELECTRICAL | N35: 0 | O35: 0 | U35: =IF(B35="","",IF(OR(C35="",D35=""),"INCOMPLETE",IF(C35>D35,"DATE ERROR",IF(D35<CONFIG!$B$8,"EXPIRED",IF(D35<=CONFIG!$B$8+30,"EXPIRING <=30D",IF(D35<=CONFIG!$B$8+90,"EXPIRING <=90D","ACTIVE")))))) -> INCOMPLETE
B36: PLUMBING | N36: 0 | O36: 0 | U36: =IF(B36="","",IF(OR(C36="",D36=""),"INCOMPLETE",IF(C36>D36,"DATE ERROR",IF(D36<CONFIG!$B$8,"EXPIRED",IF(D36<=CONFIG!$B$8+30,"EXPIRING <=30D",IF(D36<=CONFIG!$B$8+90,"EXPIRING <=90D","ACTIVE")))))) -> INCOMPLETE
B37: FIRE SYSTEM | C37: 46204 | D37: 46934 | E37: Non-Comprehensive | F37: Vijay Fire System | N37: 6000/- | O37: 0 | U37: =IF(B37="","",IF(OR(C37="",D37=""),"INCOMPLETE",IF(C37>D37,"DATE ERROR",IF(D37<CONFIG!$B$8,"EXPIRED",IF(D37<=CONFIG!$B$8+30,"EXPIRING <=30D",IF(D37<=CONFIG!$B$8+90,"EXPIRING <=90D","ACTIVE")))))) -> ACTIVE
B38: AIRCONDTION | C38: 46204 | D38: 46934 | E38: Non-Comprehensive | F38: KISMAT REFRIGERATOR | N38: 3600/- | O38: 0 | U38: =IF(B38="","",IF(OR(C38="",D38=""),"INCOMPLETE",IF(C38>D38,"DATE ERROR",IF(D38<CONFIG!$B$8,"EXPIRED",IF(D38<=CONFIG!$B$8+30,"EXPIRING <=30D",IF(D38<=CONFIG!$B$8+90,"EXPIRING <=90D","ACTIVE")))))) -> ACTIVE
B39: RO/UF/WTP | N39: 0 | O39: 0 | U39: =IF(B39="","",IF(OR(C39="",D39=""),"INCOMPLETE",IF(C39>D39,"DATE ERROR",IF(D39<CONFIG!$B$8,"EXPIRED",IF(D39<=CONFIG!$B$8+30,"EXPIRING <=30D",IF(D39<=CONFIG!$B$8+90,"EXPIRING <=90D","ACTIVE")))))) -> INCOMPLETE
B40: GENERATOR | N40: 0 | O40: 0 | P40: 8260/- | U40: =IF(B40="","",IF(OR(C40="",D40=""),"INCOMPLETE",IF(C40>D40,"DATE ERROR",IF(D40<CONFIG!$B$8,"EXPIRED",IF(D40<=CONFIG!$B$8+30,"EXPIRING <=30D",IF(D40<=CONFIG!$B$8+90,"EXPIRING <=90D","ACTIVE")))))) -> INCOMPLETE
B41: Zerox Machiene | C41: 46023 | D41: 47483 | E41: TG agreement | F41: Shiv Telecome | G41: 35 paisa per copy | N41: 2734 | O41: 2110 | U41: =IF(B41="","",IF(OR(C41="",D41=""),"INCOMPLETE",IF(C41>D41,"DATE ERROR",IF(D41<CONFIG!$B$8,"EXPIRED",IF(D41<=CONFIG!$B$8+30,"EXPIRING <=30D",IF(D41<=CONFIG!$B$8+90,"EXPIRING <=90D","ACTIVE")))))) -> ACTIVE
B42: SECURITY GUARD | C42: 45839 | D42: 46934 | E42: Security | F42: Manforce Security Service | N42: 55212 | O42: 57052 | U42: =IF(B42="","",IF(OR(C42="",D42=""),"INCOMPLETE",IF(C42>D42,"DATE ERROR",IF(D42<CONFIG!$B$8,"EXPIRED",IF(D42<=CONFIG!$B$8+30,"EXPIRING <=30D",IF(D42<=CONFIG!$B$8+90,"EXPIRING <=90D","ACTIVE")))))) -> ACTIVE
B43: HOUSEKEEPING STAFF | C43: 45839 | D43: 46934 | E43: Housekeeping | F43: Smartline Facility Management | N43: 84207 | O43: 87173 | U43: =IF(B43="","",IF(OR(C43="",D43=""),"INCOMPLETE",IF(C43>D43,"DATE ERROR",IF(D43<CONFIG!$B$8,"EXPIRED",IF(D43<=CONFIG!$B$8+30,"EXPIRING <=30D",IF(D43<=CONFIG!$B$8+90,"EXPIRING <=90D","ACTIVE")))))) -> ACTIVE
A44: DJHSH (P) | B44: ELECTRICAL | U44: =IF(B44="","",IF(OR(C44="",D44=""),"INCOMPLETE",IF(C44>D44,"DATE ERROR",IF(D44<CONFIG!$B$8,"EXPIRED",IF(D44<=CONFIG!$B$8+30,"EXPIRING <=30D",IF(D44<=CONFIG!$B$8+90,"EXPIRING <=90D","ACTIVE")))))) -> INCOMPLETE
B45: PLUMBING | U45: =IF(B45="","",IF(OR(C45="",D45=""),"INCOMPLETE",IF(C45>D45,"DATE ERROR",IF(D45<CONFIG!$B$8,"EXPIRED",IF(D45<=CONFIG!$B$8+30,"EXPIRING <=30D",IF(D45<=CONFIG!$B$8+90,"EXPIRING <=90D","ACTIVE")))))) -> INCOMPLETE
B46: FIRE SYSTEM | C46: 45839 | D46: 46203 | E46: Non-Comprehensive | F46: Sri Srinivasa Enterprises | U46: =IF(B46="","",IF(OR(C46="",D46=""),"INCOMPLETE",IF(C46>D46,"DATE ERROR",IF(D46<CONFIG!$B$8,"EXPIRED",IF(D46<=CONFIG!$B$8+30,"EXPIRING <=30D",IF(D46<=CONFIG!$B$8+90,"EXPIRING <=90D","ACTIVE")))))) -> EXPIRED
B47: PEST CONTROL | C47: 45809 | D47: 46173 | E47: Comprehensive | F47: PCI-Pest Control Pvt Ltd | U47: =IF(B47="","",IF(OR(C47="",D47=""),"INCOMPLETE",IF(C47>D47,"DATE ERROR",IF(D47<CONFIG!$B$8,"EXPIRED",IF(D47<=CONFIG!$B$8+30,"EXPIRING <=30D",IF(D47<=CONFIG!$B$8+90,"EXPIRING <=90D","ACTIVE")))))) -> EXPIRED
B48: AIRCONDTION | U48: =IF(B48="","",IF(OR(C48="",D48=""),"INCOMPLETE",IF(C48>D48,"DATE ERROR",IF(D48<CONFIG!$B$8,"EXPIRED",IF(D48<=CONFIG!$B$8+30,"EXPIRING <=30D",IF(D48<=CONFIG!$B$8+90,"EXPIRING <=90D","ACTIVE")))))) -> INCOMPLETE
B49: RO/UF/WTP | U49: =IF(B49="","",IF(OR(C49="",D49=""),"INCOMPLETE",IF(C49>D49,"DATE ERROR",IF(D49<CONFIG!$B$8,"EXPIRED",IF(D49<=CONFIG!$B$8+30,"EXPIRING <=30D",IF(D49<=CONFIG!$B$8+90,"EXPIRING <=90D","ACTIVE")))))) -> INCOMPLETE
A50: DJHSH (H) | B50: ELECTRICAL | U50: =IF(B50="","",IF(OR(C50="",D50=""),"INCOMPLETE",IF(C50>D50,"DATE ERROR",IF(D50<CONFIG!$B$8,"EXPIRED",IF(D50<=CONFIG!$B$8+30,"EXPIRING <=30D",IF(D50<=CONFIG!$B$8+90,"EXPIRING <=90D","ACTIVE")))))) -> INCOMPLETE
B51: PLUMBING | U51: =IF(B51="","",IF(OR(C51="",D51=""),"INCOMPLETE",IF(C51>D51,"DATE ERROR",IF(D51<CONFIG!$B$8,"EXPIRED",IF(D51<=CONFIG!$B$8+30,"EXPIRING <=30D",IF(D51<=CONFIG!$B$8+90,"EXPIRING <=90D","ACTIVE")))))) -> INCOMPLETE
B52: FIRE SYSTEM | C52: 45839 | D52: 46203 | E52: Non-Comprehensive | F52: Sri Srinivasa Enterprises | G52: =8000*12 -> 96000 | H52: 8000 | I52: 0 | J52: 0 | K52: 0 | L52: 8000 | U52: =IF(B52="","",IF(OR(C52="",D52=""),"INCOMPLETE",IF(C52>D52,"DATE ERROR",IF(D52<CONFIG!$B$8,"EXPIRED",IF(D52<=CONFIG!$B$8+30,"EXPIRING <=30D",IF(D52<=CONFIG!$B$8+90,"EXPIRING <=90D","ACTIVE")))))) -> EXPIRED
B53: PEST CONTROL | C53: 45809 | D53: 46173 | E53: Comprehensive | F53: PCI-Pest Control Pvt Ltd | G53: =(5989*12)+(5989*12*18%)-0.24 -> 84804 | H53: 7067 | I53: 7067 | J53: 7067 | K53: 7067 | L53: 7067 | U53: =IF(B53="","",IF(OR(C53="",D53=""),"INCOMPLETE",IF(C53>D53,"DATE ERROR",IF(D53<CONFIG!$B$8,"EXPIRED",IF(D53<=CONFIG!$B$8+30,"EXPIRING <=30D",IF(D53<=CONFIG!$B$8+90,"EXPIRING <=90D","ACTIVE")))))) -> EXPIRED
B54: AIRCONDTION | C54: 46204 | D54: 46934 | E54: Non-Comprehensive | F54: Sky Refrigeration & Air condition works | G54: =4500*4 -> 18000 | P54: 4500 | U54: =IF(B54="","",IF(OR(C54="",D54=""),"INCOMPLETE",IF(C54>D54,"DATE ERROR",IF(D54<CONFIG!$B$8,"EXPIRED",IF(D54<=CONFIG!$B$8+30,"EXPIRING <=30D",IF(D54<=CONFIG!$B$8+90,"EXPIRING <=90D","ACTIVE")))))) -> ACTIVE
B55: RO/UF/WTP | U55: =IF(B55="","",IF(OR(C55="",D55=""),"INCOMPLETE",IF(C55>D55,"DATE ERROR",IF(D55<CONFIG!$B$8,"EXPIRED",IF(D55<=CONFIG!$B$8+30,"EXPIRING <=30D",IF(D55<=CONFIG!$B$8+90,"EXPIRING <=90D","ACTIVE")))))) -> INCOMPLETE
A56: PJHSW | B56: ELECTRICAL | U56: =IF(B56="","",IF(OR(C56="",D56=""),"INCOMPLETE",IF(C56>D56,"DATE ERROR",IF(D56<CONFIG!$B$8,"EXPIRED",IF(D56<=CONFIG!$B$8+30,"EXPIRING <=30D",IF(D56<=CONFIG!$B$8+90,"EXPIRING <=90D","ACTIVE")))))) -> INCOMPLETE
B57: PLUMBING | U57: =IF(B57="","",IF(OR(C57="",D57=""),"INCOMPLETE",IF(C57>D57,"DATE ERROR",IF(D57<CONFIG!$B$8,"EXPIRED",IF(D57<=CONFIG!$B$8+30,"EXPIRING <=30D",IF(D57<=CONFIG!$B$8+90,"EXPIRING <=90D","ACTIVE")))))) -> INCOMPLETE
B58: FIRE SYSTEM | C58: 45839 | D58: 46203 | E58: Non-Comprehensive | F58: Sri Srinivasa Enterprises | G58: =9000*12 -> 108000 | N58: 12000 | U58: =IF(B58="","",IF(OR(C58="",D58=""),"INCOMPLETE",IF(C58>D58,"DATE ERROR",IF(D58<CONFIG!$B$8,"EXPIRED",IF(D58<=CONFIG!$B$8+30,"EXPIRING <=30D",IF(D58<=CONFIG!$B$8+90,"EXPIRING <=90D","ACTIVE")))))) -> EXPIRED
B59: PEST CONTROL | C59: 45809 | D59: 46173 | E59: Comprehensive | F59: PCI-Pest Control Pvt Ltd | G59: =11490812 -> 11490812 | U59: =IF(B59="","",IF(OR(C59="",D59=""),"INCOMPLETE",IF(C59>D59,"DATE ERROR",IF(D59<CONFIG!$B$8,"EXPIRED",IF(D59<=CONFIG!$B$8+30,"EXPIRING <=30D",IF(D59<=CONFIG!$B$8+90,"EXPIRING <=90D","ACTIVE")))))) -> EXPIRED
B60: AIRCONDTION | O60: 4000 | U60: =IF(B60="","",IF(OR(C60="",D60=""),"INCOMPLETE",IF(C60>D60,"DATE ERROR",IF(D60<CONFIG!$B$8,"EXPIRED",IF(D60<=CONFIG!$B$8+30,"EXPIRING <=30D",IF(D60<=CONFIG!$B$8+90,"EXPIRING <=90D","ACTIVE")))))) -> INCOMPLETE
B61: RO/UF/WTP | U61: =IF(B61="","",IF(OR(C61="",D61=""),"INCOMPLETE",IF(C61>D61,"DATE ERROR",IF(D61<CONFIG!$B$8,"EXPIRED",IF(D61<=CONFIG!$B$8+30,"EXPIRING <=30D",IF(D61<=CONFIG!$B$8+90,"EXPIRING <=90D","ACTIVE")))))) -> INCOMPLETE
A62: LSHSA | B62: ELECTRICAL | U62: =IF(B62="","",IF(OR(C62="",D62=""),"INCOMPLETE",IF(C62>D62,"DATE ERROR",IF(D62<CONFIG!$B$8,"EXPIRED",IF(D62<=CONFIG!$B$8+30,"EXPIRING <=30D",IF(D62<=CONFIG!$B$8+90,"EXPIRING <=90D","ACTIVE")))))) -> INCOMPLETE
B63: PLUMBING | U63: =IF(B63="","",IF(OR(C63="",D63=""),"INCOMPLETE",IF(C63>D63,"DATE ERROR",IF(D63<CONFIG!$B$8,"EXPIRED",IF(D63<=CONFIG!$B$8+30,"EXPIRING <=30D",IF(D63<=CONFIG!$B$8+90,"EXPIRING <=90D","ACTIVE")))))) -> INCOMPLETE
B64: FIRE SYSTEM | C64: 45839 | D64: 46203 | E64: Non-Comprehensive | F64: Sri Srinivasa Enterprises | G64: =7000*4 -> 28000 | H64: 7000 | I64: 0 | J64: 0 | K64: 7000 | N64: 7000 | U64: =IF(B64="","",IF(OR(C64="",D64=""),"INCOMPLETE",IF(C64>D64,"DATE ERROR",IF(D64<CONFIG!$B$8,"EXPIRED",IF(D64<=CONFIG!$B$8+30,"EXPIRING <=30D",IF(D64<=CONFIG!$B$8+90,"EXPIRING <=90D","ACTIVE")))))) -> EXPIRED
B65: AIRCONDTION | U65: =IF(B65="","",IF(OR(C65="",D65=""),"INCOMPLETE",IF(C65>D65,"DATE ERROR",IF(D65<CONFIG!$B$8,"EXPIRED",IF(D65<=CONFIG!$B$8+30,"EXPIRING <=30D",IF(D65<=CONFIG!$B$8+90,"EXPIRING <=90D","ACTIVE")))))) -> INCOMPLETE
B66: RO/UF/WTP/PEST | C66: 45809 | D66: 46173 | E66: Comprehensive | F66: PCI-Pest Control Pvt Ltd | G66: =3886*12 -> 46632 | H66: 1647 | I66: 3886 | J66: 3886 | K66: 1910 | L66: 1910 | M66: - | U66: =IF(B66="","",IF(OR(C66="",D66=""),"INCOMPLETE",IF(C66>D66,"DATE ERROR",IF(D66<CONFIG!$B$8,"EXPIRED",IF(D66<=CONFIG!$B$8+30,"EXPIRING <=30D",IF(D66<=CONFIG!$B$8+90,"EXPIRING <=90D","ACTIVE")))))) -> EXPIRED
A67: AKHH | B67: ELECTRICAL | U67: =IF(B67="","",IF(OR(C67="",D67=""),"INCOMPLETE",IF(C67>D67,"DATE ERROR",IF(D67<CONFIG!$B$8,"EXPIRED",IF(D67<=CONFIG!$B$8+30,"EXPIRING <=30D",IF(D67<=CONFIG!$B$8+90,"EXPIRING <=90D","ACTIVE")))))) -> INCOMPLETE
B68: PLUMBING | U68: =IF(B68="","",IF(OR(C68="",D68=""),"INCOMPLETE",IF(C68>D68,"DATE ERROR",IF(D68<CONFIG!$B$8,"EXPIRED",IF(D68<=CONFIG!$B$8+30,"EXPIRING <=30D",IF(D68<=CONFIG!$B$8+90,"EXPIRING <=90D","ACTIVE")))))) -> INCOMPLETE
B69: FIRE SYSTEM | C69: 45839 | D69: 46203 | E69: Non-Comprehensive | F69: Sri Srinivasa Enterprises | G69: =10000*4 -> 40000 | H69: 10000 | K69: 10000 | N69: 10000 | U69: =IF(B69="","",IF(OR(C69="",D69=""),"INCOMPLETE",IF(C69>D69,"DATE ERROR",IF(D69<CONFIG!$B$8,"EXPIRED",IF(D69<=CONFIG!$B$8+30,"EXPIRING <=30D",IF(D69<=CONFIG!$B$8+90,"EXPIRING <=90D","ACTIVE")))))) -> EXPIRED
B70: AIRCONDTION | C70: 46204 | E70: Comprehensive | F70: PCI-Pest Control Pvt Ltd | G70: 16800 | P70: 4200 | U70: =IF(B70="","",IF(OR(C70="",D70=""),"INCOMPLETE",IF(C70>D70,"DATE ERROR",IF(D70<CONFIG!$B$8,"EXPIRED",IF(D70<=CONFIG!$B$8+30,"EXPIRING <=30D",IF(D70<=CONFIG!$B$8+90,"EXPIRING <=90D","ACTIVE")))))) -> INCOMPLETE
B71: PEST CONTROL | H71: 20452 | I71: 20452 | J71: 20452 | K71: 20452 | L71: 20452 | U71: =IF(B71="","",IF(OR(C71="",D71=""),"INCOMPLETE",IF(C71>D71,"DATE ERROR",IF(D71<CONFIG!$B$8,"EXPIRED",IF(D71<=CONFIG!$B$8+30,"EXPIRING <=30D",IF(D71<=CONFIG!$B$8+90,"EXPIRING <=90D","ACTIVE")))))) -> INCOMPLETE
B72: RO/UF/WTP/PEST | U72: =IF(B72="","",IF(OR(C72="",D72=""),"INCOMPLETE",IF(C72>D72,"DATE ERROR",IF(D72<CONFIG!$B$8,"EXPIRED",IF(D72<=CONFIG!$B$8+30,"EXPIRING <=30D",IF(D72<=CONFIG!$B$8+90,"EXPIRING <=90D","ACTIVE")))))) -> INCOMPLETE
B73: GENERATOR | C73: 46050 | D73: 46414 | E73: Non-Comprehensive | F73: kirloshkar | G73: 11328 | I73: 11328 | N73: 11328 | U73: =IF(B73="","",IF(OR(C73="",D73=""),"INCOMPLETE",IF(C73>D73,"DATE ERROR",IF(D73<CONFIG!$B$8,"EXPIRED",IF(D73<=CONFIG!$B$8+30,"EXPIRING <=30D",IF(D73<=CONFIG!$B$8+90,"EXPIRING <=90D","ACTIVE")))))) -> ACTIVE
U74: =IF(B74="","",IF(OR(C74="",D74=""),"INCOMPLETE",IF(C74>D74,"DATE ERROR",IF(D74<CONFIG!$B$8,"EXPIRED",IF(D74<=CONFIG!$B$8+30,"EXPIRING <=30D",IF(D74<=CONFIG!$B$8+90,"EXPIRING <=90D","ACTIVE"))))))
N75: ` | U75: =IF(B75="","",IF(OR(C75="",D75=""),"INCOMPLETE",IF(C75>D75,"DATE ERROR",IF(D75<CONFIG!$B$8,"EXPIRED",IF(D75<=CONFIG!$B$8+30,"EXPIRING <=30D",IF(D75<=CONFIG!$B$8+90,"EXPIRING <=90D","ACTIVE"))))))

Sheet check list
A1: FAC-MIS 2026 – MANAGEMENT DATA CHECKLIST
A2: Report | B2: Latest Source Month/Quarter | C2: Coverage | D2: Status | E2: Action
A3: Electricity Consumption | B3: Sep-2026 | C3: 9 / 12 months | D3: INCOMPLETE | E3: Update Oct-Dec readings
A4: Solar Generation | B4: Sep-2026 | C4: 9 / 12 months | D4: INCOMPLETE | E4: Update Oct-Dec source readings
A5: Water Consumption | B5: Sep-2026 | C5: 9 / 12 months | D5: INCOMPLETE | E5: Update Oct-Dec readings
A6: Water Test | B6: Q2-2026 | C6: 2 / 4 quarters | D6: INCOMPLETE | E6: Complete Q3/Q4 tests & certificates
A7: Generator Consumption | B7: Sep-2026 | C7: 9 / 12 months | D7: INCOMPLETE | E7: Update Oct-Dec readings
A8: AMC Log | B8: 05-Oct-2026 | C8: Current register | D8: REVIEW | E8: Close 12 expired / 1 date-error records

Sheet CONFIG
A1: FAC-MIS 2026 – CONTROL CONFIGURATION | P1: Status | Q1: Severity | R1: AMC Service Type
A2: Month | B2: January | C2: February | D2: March | E2: April | F2: May | G2: June | H2: July | I2: August | J2: September | K2: October | L2: November | M2: December | P2: ACTIVE | Q2: CRITICAL | R2: Comprehensive
A3: Days in Month | B3: 31 | C3: 28 | D3: 31 | E3: 30 | F3: 31 | G3: 30 | H3: 31 | I3: 31 | J3: 30 | K3: 31 | L3: 30 | M3: 31 | P3: EXPIRED | Q3: HIGH | R3: Non-Comprehensive
P4: EXPIRING <=30D | Q4: MEDIUM | R4: Consumable item
A5: Parameter | B5: Value | P5: EXPIRING <=90D | Q5: LOW | R5: Security
A6: Solar Capacity – AKSM (kWp) | B6: 20 | N6: Source: existing workbook denominator | P6: DATE ERROR | Q6: REVIEW | R6: Housekeeping
A7: Solar Capacity – AKHH (kWp) | B7: 50 | N7: Source: existing workbook denominator | P7: INCOMPLETE | Q7: ACTION | R7: AC Service
A8: Audit Date | B8: 46300 | N8: As-of date used for status controls | P8: REVIEW | R8: Internet

Sheet AUDIT CONTROL
A1: FAC-MIS 2026 – AUDIT & REPAIR CONTROL
A2: Control Area | B2: Finding / Repair | C2: Severity | D2: Action Taken | E2: Current Status | F2: Reference
A3: Electrical O43 | B3: Wrong reference F44 in total formula | C3: CRITICAL | D3: Changed to =SUM(C43:N43) | E3: REPAIRED | F3: Electrical Consmp.!O43
A4: Dashboard | B4: Broken #REF! chart and empty executive view | C4: CRITICAL | D4: Rebuilt KPI dashboard with linked metrics | E4: REPAIRED | F4: DASHBOARD
A5: Water KPI | B5: Mixed /24 /30 /31 logic | C5: HIGH | D5: Standardized using Days in Month control row | E5: REPAIRED | F5: Water Consmp.!C5:N41
A6: Water YTD | B6: Column labelled Avg 2026 but contained totals | C6: MEDIUM | D6: Renamed to YTD Total / KPI | E6: REPAIRED | F6: Water Consmp.!O2
A7: AMC dates | B7: Dates mixed as text and serials | C7: HIGH | D7: Converted identifiable dates to real Excel dates | E7: REPAIRED | F7: AMC-LOG!C3:D75
A8: AMC row date logic | B8: Rows can have reversed/incomplete dates | C8: HIGH | D8: Added automatic Audit Control status column | E8: CONTROL ADDED | F8: AMC-LOG!U3:U75
A9: Water tests | B9: 108 current observations above stated upper limits | C9: HIGH | D9: Recorded as audit exception count; no values fabricated | E9: REVIEW REQUIRED | F9: WATER TESTS
A10: Water tests | B10: Water tests | C10: Q3/Q4 data largely missing | D10: HIGH | E10: ACTION REQUIRED | F10: WATER TESTS
A11: Electrical Q4 | B11: Oct-Dec source readings missing | C11: HIGH | D11: Not fabricated; dashboard shows coverage gap | E11: ACTION REQUIRED | F11: Electrical Consmp.
A12: Water Q4 | B12: Oct-Dec source readings missing | C12: HIGH | D12: Not fabricated; dashboard shows coverage gap | E12: ACTION REQUIRED | F12: Water Consmp.
A13: Generator Q4 | B13: Oct-Dec source readings missing | C13: HIGH | D13: Not fabricated; dashboard shows coverage gap | E13: ACTION REQUIRED | F13: GENERATOR CONSMP.
... A19: Dashboard | B19: Month- and school-filtered FM dashboard requested | C19: MEDIUM | D19: Added FM_Dashboard and MIS_Calc; all figures linked to the source sheets | E19: ADDED | F19: FM_Dashboard / MIS_Calc

Sheet KPI ENGINE
A1: FAC-MIS 2026 – KPI ENGINE | H1: MONTHLY SOURCE TREND
A2: KPI | B2: Value | C2: Unit | D2: Source/Logic | E2: Status | F2: As of | H2: Month | I2: Jan | J2: Feb | K2: Mar | L2: Apr | M2: May | N2: Jun | O2: Jul | P2: Aug | Q2: Sep | R2: Oct | S2: Nov | T2: Dec
A3: Electrical Consumption YTD | B3: =SUM('Electrical Consmp.'!O4,'Electrical Consmp.'!O10,'Electrical Consmp.'!O16,'Electrical Consmp.'!O23,'Electrical Consmp.'!O30,'Electrical Consmp.'!O37,'Electrical Consmp.'!O43,'Electrical Consmp.'!O49,'Electrical Consmp.'!O55,'Electrical Consmp.'!O61) -> 401232 | C3: kWh | D3: Sum of building consumption YTD | E3: OK | F3: 46300 | H3: Electrical kWh | I3: ='Electrical Consmp.'!C4+'Electrical Consmp.'!C10+'Electrical Consmp.'!C16+'Electrical Consmp.'!C23+'Electrical Consmp.'!C30+'Electrical Consmp.'!C37+'Electrical Consmp.'!C43+'Electrical Consmp.'!C49+'Electrical Consmp.'!C55+'Electrical Consmp.'!C61 -> 38530 | J3: ='Electrical Consmp.'!D4+'Electrical Consmp.'!D10+'Electrical Consmp.'!D16+'Electrical Consmp.'!D23+'Electrical Consmp.'!D30+'Electrical Consmp.'!D37+'Electrical Consmp.'!D43+'Electrical Consmp.'!D49+'Electrical Consmp.'!D55+'Electrical Consmp.'!D61 -> 42367 | K3: ='Electrical Consmp.'!E4+'Electrical Consmp.'!E10+'Electrical Consmp.'!E16+'Electrical Consmp.'!E23+'Electrical Consmp.'!E30+'Electrical Consmp.'!E37+'Electrical Consmp.'!E43+'Electrical Consmp.'!E49+'Electrical Consmp.'!E55+'Electrical Consmp.'!E61 -> 40774 | L3: ='Electrical Consmp.'!F4+'Electrical Consmp.'!F10+'Electrical Consmp.'!F16+'Electrical Consmp.'!F23+'Electrical Consmp.'!F30+'Electrical Consmp.'!F37+'Electrical Consmp.'!F43+'Electrical Consmp.'!F49+'Electrical Consmp.'!F55+'Electrical Consmp.'!F61 -> 47475 | M3: ='Electrical Consmp.'!G4+'Electrical Consmp.'!G10+'Electrical Consmp.'!G16+'Electrical Consmp.'!G23+'Electrical Consmp.'!G30+'Electrical Consmp.'!G37+'Electrical Consmp.'!G43+'Electrical Consmp.'!G49+'Electrical Consmp.'!G55+'Electrical Consmp.'!G61 -> 33039 | N3: ='Electrical Consmp.'!H4+'Electrical Consmp.'!H10+'Electrical Consmp.'!H16+'Electrical Consmp.'!H23+'Electrical Consmp.'!H30+'Electrical Consmp.'!H37+'Electrical Consmp.'!H43+'Electrical Consmp.'!H49+'Electrical Consmp.'!H55+'Electrical Consmp.'!H61 -> 58080 | O3: ='Electrical Consmp.'!I4+'Electrical Consmp.'!I10+'Electrical Consmp.'!I16+'Electrical Consmp.'!I23+'Electrical Consmp.'!I30+'Electrical Consmp.'!I37+'Electrical Consmp.'!I43+'Electrical Consmp.'!I49+'Electrical Consmp.'!I55+'Electrical Consmp.'!I61 -> 61338 | P3: ='Electrical Consmp.'!J4+'Electrical Consmp.'!J10+'Electrical Consmp.'!J16+'Electrical Consmp.'!J23+'Electrical Consmp.'!J30+'Electrical Consmp.'!J37+'Electrical Consmp.'!J43+'Electrical Consmp.'!J49+'Electrical Consmp.'!J55+'Electrical Consmp.'!J61 -> 58854 | ... T3: ='Electrical Consmp.'!N4+'Electrical Consmp.'!N10+'Electrical Consmp.'!N16+'Electrical Consmp.'!N23+'Electrical Consmp.'!N30+'Electrical Consmp.'!N37+'Electrical Consmp.'!N43+'Electrical Consmp.'!N49+'Electrical Consmp.'!N55+'Electrical Consmp.'!N61 -> 0
A4: Electrical Cost YTD | B4: =SUM('Electrical Consmp.'!O5,'Electrical Consmp.'!O11,'Electrical Consmp.'!O17,'Electrical Consmp.'!O24,'Electrical Consmp.'!O31,'Electrical Consmp.'!O38,'Electrical Consmp.'!O44,'Electrical Consmp.'!O50,'Electrical Consmp.'!O56,'Electrical Consmp.'!O62) -> 4817873 | C4: INR | D4: Sum of building electrical cost YTD | E4: OK | F4: 46300 | H4: Water L | I4: ='Water Consmp.'!C3+'Water Consmp.'!C7+'Water Consmp.'!C11+'Water Consmp.'!C15+'Water Consmp.'!C19+'Water Consmp.'!C23+'Water Consmp.'!C27+'Water Consmp.'!C31+'Water Consmp.'!C35+'Water Consmp.'!C39 -> 3344444 | J4: ='Water Consmp.'!D3+'Water Consmp.'!D7+'Water Consmp.'!D11+'Water Consmp.'!D15+'Water Consmp.'!D19+'Water Consmp.'!D23+'Water Consmp.'!D27+'Water Consmp.'!D31+'Water Consmp.'!D35+'Water Consmp.'!D39 -> 3095157 | K4: ='Water Consmp.'!E3+'Water Consmp.'!E7+'Water Consmp.'!E11+'Water Consmp.'!E15+'Water Consmp.'!E19+'Water Consmp.'!E23+'Water Consmp.'!E27+'Water Consmp.'!E31+'Water Consmp.'!E35+'Water Consmp.'!E39 -> 2667797 | L4: ='Water Consmp.'!F3+'Water Consmp.'!F7+'Water Consmp.'!F11+'Water Consmp.'!F15+'Water Consmp.'!F19+'Water Consmp.'!F23+'Water Consmp.'!F27+'Water Consmp.'!F31+'Water Consmp.'!F35+'Water Consmp.'!F39 -> 2136767 | M4: ='Water Consmp.'!G3+'Water Consmp.'!G7+'Water Consmp.'!G11+'Water Consmp.'!G15+'Water Consmp.'!G19+'Water Consmp.'!G23+'Water Consmp.'!G27+'Water Consmp.'!G31+'Water Consmp.'!G35+'Water Consmp.'!G39 -> 2081964 | N4: ='Water Consmp.'!H3+'Water Consmp.'!H7+'Water Consmp.'!H11+'Water Consmp.'!H15+'Water Consmp.'!H19+'Water Consmp.'!H23+'Water Consmp.'!H27+'Water Consmp.'!H31+'Water Consmp.'!H35+'Water Consmp.'!H39 -> 3192958 | O4: ='Water Consmp.'!I3+'Water Consmp.'!I7+'Water Consmp.'!I11+'Water Consmp.'!I15+'Water Consmp.'!I19+'Water Consmp.'!I23+'Water Consmp.'!I27+'Water Consmp.'!I31+'Water Consmp.'!I35+'Water Consmp.'!I39 -> 3834932 | P4: ='Water Consmp.'!J3+'Water Consmp.'!J7+'Water Consmp.'!J11+'Water Consmp.'!J15+'Water Consmp.'!J19+'Water Consmp.'!J23+'Water Consmp.'!J27+'Water Consmp.'!J31+'Water Consmp.'!J35+'Water Consmp.'!J39 -> 3336373 | ... T4: ='Water Consmp.'!N3+'Water Consmp.'!N7+'Water Consmp.'!N11+'Water Consmp.'!N15+'Water Consmp.'!N19+'Water Consmp.'!N23+'Water Consmp.'!N27+'Water Consmp.'!N31+'Water Consmp.'!N35+'Water Consmp.'!N39 -> 0
A5: Water Consumption YTD | B5: =SUM('Water Consmp.'!O3,'Water Consmp.'!O7,'Water Consmp.'!O11,'Water Consmp.'!O15,'Water Consmp.'!O19,'Water Consmp.'!O23,'Water Consmp.'!O27,'Water Consmp.'!O31,'Water Consmp.'!O35,'Water Consmp.'!O39) -> 26736768 | C5: L | D5: Sum of school water consumption YTD | E5: OK | F5: 46300 | H5: Generator Diesel L | I5: =SUM('GENERATOR CONSMP.'!C6,'GENERATOR CONSMP.'!C12,'GENERATOR CONSMP.'!C18) -> 175 | J5: =SUM('GENERATOR CONSMP.'!D6,'GENERATOR CONSMP.'!D12,'GENERATOR CONSMP.'!D18) -> 281.89 | K5: =SUM('GENERATOR CONSMP.'!E6,'GENERATOR CONSMP.'!E12,'GENERATOR CONSMP.'!E18) -> 160 | L5: =SUM('GENERATOR CONSMP.'!F6,'GENERATOR CONSMP.'!F12,'GENERATOR CONSMP.'!F18) -> 140 | M5: =SUM('GENERATOR CONSMP.'!G6,'GENERATOR CONSMP.'!G12,'GENERATOR CONSMP.'!G18) -> 200 | N5: =SUM('GENERATOR CONSMP.'!H6,'GENERATOR CONSMP.'!H12,'GENERATOR CONSMP.'!H18) -> 443.38 | O5: =SUM('GENERATOR CONSMP.'!I6,'GENERATOR CONSMP.'!I12,'GENERATOR CONSMP.'!I18) -> 339.08 | P5: =SUM('GENERATOR CONSMP.'!J6,'GENERATOR CONSMP.'!J12,'GENERATOR CONSMP.'!J18) -> 60 | ... T5: =SUM('GENERATOR CONSMP.'!N6,'GENERATOR CONSMP.'!N12,'GENERATOR CONSMP.'!N18) -> 0
A6: Generator Units YTD | B6: =SUM('GENERATOR CONSMP.'!B5:M5,'GENERATOR CONSMP.'!B11:M11,'GENERATOR CONSMP.'!B17:M17) -> 3242.8 | C6: kWh | D6: Sum of generator unit consumption YTD | E6: OK | F6: 46300 | H6: Repair Spend
A7: Generator Diesel YTD | B7: =SUM('GENERATOR CONSMP.'!B6:M6,'GENERATOR CONSMP.'!B12:M12,'GENERATOR CONSMP.'!B18:M18) -> 1971.24 | C7: L | D7: Sum of generator diesel consumption YTD | E7: OK | F7: 46300
A8: Generator Runtime YTD | B8: =SUM('GENERATOR CONSMP.'!B7:M7,'GENERATOR CONSMP.'!B13:M13,'GENERATOR CONSMP.'!B19:M19) -> 417.19 | C8: hrs | D8: Sum of generator runtime YTD | E8: OK | F8: 46300 | H8: Month | I8: Electrical kWh | J8: Water L | K8: Generator Diesel L
A9: Repair Tickets YTD | B9: =SUM(REPAIRS!C4:C79,REPAIRS!E4:E79,REPAIRS!G4:G79,REPAIRS!I4:I79,REPAIRS!K4:K79,REPAIRS!M4:M79,REPAIRS!O4:O79,REPAIRS!Q4:Q79,REPAIRS!S4:S79) -> 1235 | C9: Tickets | D9: Sum of ticket count fields | E9: OK | F9: 46300 | H9: Jan | I9: ='Electrical Consmp.'!C4+'Electrical Consmp.'!C10+'Electrical Consmp.'!C16+'Electrical Consmp.'!C23+'Electrical Consmp.'!C30+'Electrical Consmp.'!C37+'Electrical Consmp.'!C43+'Electrical Consmp.'!C49+'Electrical Consmp.'!C55+'Electrical Consmp.'!C61 -> 38530 | J9: ='Water Consmp.'!C3+'Water Consmp.'!C7+'Water Consmp.'!C11+'Water Consmp.'!C15+'Water Consmp.'!C19+'Water Consmp.'!C23+'Water Consmp.'!C27+'Water Consmp.'!C31+'Water Consmp.'!C35+'Water Consmp.'!C39 -> 3344444 | K9: =SUM('GENERATOR CONSMP.'!B6,'GENERATOR CONSMP.'!B12,'GENERATOR CONSMP.'!B18) -> 171.89
A10: Repair Spend YTD | B10: =SUM(REPAIRS!D4:D79,REPAIRS!F4:F79,REPAIRS!H4:H79,REPAIRS!J4:J79,REPAIRS!L4:L79,REPAIRS!N4:N79,REPAIRS!P4:P79,REPAIRS!R4:R79,REPAIRS!T4:T79) -> 1604542 | C10: INR | D10: Sum of spend fields | E10: OK | F10: 46300 | H10: Feb | I10: ='Electrical Consmp.'!D4+'Electrical Consmp.'!D10+'Electrical Consmp.'!D16+'Electrical Consmp.'!D23+'Electrical Consmp.'!D30+'Electrical Consmp.'!D37+'Electrical Consmp.'!D43+'Electrical Consmp.'!D49+'Electrical Consmp.'!D55+'Electrical Consmp.'!D61 -> 42367 | J10: ='Water Consmp.'!D3+'Water Consmp.'!D7+'Water Consmp.'!D11+'Water Consmp.'!D15+'Water Consmp.'!D19+'Water Consmp.'!D23+'Water Consmp.'!D27+'Water Consmp.'!D31+'Water Consmp.'!D35+'Water Consmp.'!D39 -> 3095157 | K10: =SUM('GENERATOR CONSMP.'!C6,'GENERATOR CONSMP.'!C12,'GENERATOR CONSMP.'!C18) -> 175
A11: AMC Expired | B11: =COUNTIF('AMC-LOG'!U3:U75,"EXPIRED") -> 12 | C11: Contracts | D11: AMC audit status | E11: REVIEW | F11: 46300 | H11: Mar | I11: ='Electrical Consmp.'!E4+'Electrical Consmp.'!E10+'Electrical Consmp.'!E16+'Electrical Consmp.'!E23+'Electrical Consmp.'!E30+'Electrical Consmp.'!E37+'Electrical Consmp.'!E43+'Electrical Consmp.'!E49+'Electrical Consmp.'!E55+'Electrical Consmp.'!E61 -> 40774 | J11: ='Water Consmp.'!E3+'Water Consmp.'!E7+'Water Consmp.'!E11+'Water Consmp.'!E15+'Water Consmp.'!E19+'Water Consmp.'!E23+'Water Consmp.'!E27+'Water Consmp.'!E31+'Water Consmp.'!E35+'Water Consmp.'!E39 -> 2667797 | K11: =SUM('GENERATOR CONSMP.'!D6,'GENERATOR CONSMP.'!D12,'GENERATOR CONSMP.'!D18) -> 281.89
A12: AMC Date Errors | B12: =COUNTIF('AMC-LOG'!U3:U75,"DATE ERROR") -> 1 | C12: Contracts | D12: AMC audit status | E12: REVIEW | F12: 46300 | H12: Apr | I12: ='Electrical Consmp.'!F4+'Electrical Consmp.'!F10+'Electrical Consmp.'!F16+'Electrical Consmp.'!F23+'Electrical Consmp.'!F30+'Electrical Consmp.'!F37+'Electrical Consmp.'!F43+'Electrical Consmp.'!F49+'Electrical Consmp.'!F55+'Electrical Consmp.'!F61 -> 47475 | J12: ='Water Consmp.'!F3+'Water Consmp.'!F7+'Water Consmp.'!F11+'Water Consmp.'!F15+'Water Consmp.'!F19+'Water Consmp.'!F23+'Water Consmp.'!F27+'Water Consmp.'!F31+'Water Consmp.'!F35+'Water Consmp.'!F39 -> 2136767 | K12: =SUM('GENERATOR CONSMP.'!E6,'GENERATOR CONSMP.'!E12,'GENERATOR CONSMP.'!E18) -> 160
A13: AMC Expiring <=30D | B13: =COUNTIF('AMC-LOG'!U3:U75,"EXPIRING <=30D") -> 1 | C13: Contracts | D13: AMC audit status | E13: REVIEW | F13: 46300 | H13: May | I13: ='Electrical Consmp.'!G4+'Electrical Consmp.'!G10+'Electrical Consmp.'!G16+'Electrical Consmp.'!G23+'Electrical Consmp.'!G30+'Electrical Consmp.'!G37+'Electrical Consmp.'!G43+'Electrical Consmp.'!G49+'Electrical Consmp.'!G55+'Electrical Consmp.'!G61 -> 33039 | J13: ='Water Consmp.'!G3+'Water Consmp.'!G7+'Water Consmp.'!G11+'Water Consmp.'!G15+'Water Consmp.'!G19+'Water Consmp.'!G23+'Water Consmp.'!G27+'Water Consmp.'!G31+'Water Consmp.'!G35+'Water Consmp.'!G39 -> 2081964 | K13: =SUM('GENERATOR CONSMP.'!F6,'GENERATOR CONSMP.'!F12,'GENERATOR CONSMP.'!F18) -> 140
A14: Water-Test Exceptions | B14: 108 | C14: Observations | D14: Static audit count from current data | E14: REVIEW | F14: 46300 | H14: Jun | I14: ='Electrical Consmp.'!H4+'Electrical Consmp.'!H10+'Electrical Consmp.'!H16+'Electrical Consmp.'!H23+'Electrical Consmp.'!H30+'Electrical Consmp.'!H37+'Electrical Consmp.'!H43+'Electrical Consmp.'!H49+'Electrical Consmp.'!H55+'Electrical Consmp.'!H61 -> 58080 | J14: ='Water Consmp.'!H3+'Water Consmp.'!H7+'Water Consmp.'!H11+'Water Consmp.'!H15+'Water Consmp.'!H19+'Water Consmp.'!H23+'Water Consmp.'!H27+'Water Consmp.'!H31+'Water Consmp.'!H35+'Water Consmp.'!H39 -> 3192958 | K14: =SUM('GENERATOR CONSMP.'!G6,'GENERATOR CONSMP.'!G12,'GENERATOR CONSMP.'!G18) -> 200
A15: Electrical Data Coverage | B15: =COUNT('Electrical Consmp.'!C4:K4) -> 8 | C15: Months | D15: Months populated in core data | E15: REVIEW | F15: 46300 | H15: Jul | I15: ='Electrical Consmp.'!I4+'Electrical Consmp.'!I10+'Electrical Consmp.'!I16+'Electrical Consmp.'!I23+'Electrical Consmp.'!I30+'Electrical Consmp.'!I37+'Electrical Consmp.'!I43+'Electrical Consmp.'!I49+'Electrical Consmp.'!I55+'Electrical Consmp.'!I61 -> 61338 | J15: ='Water Consmp.'!I3+'Water Consmp.'!I7+'Water Consmp.'!I11+'Water Consmp.'!I15+'Water Consmp.'!I19+'Water Consmp.'!I23+'Water Consmp.'!I27+'Water Consmp.'!I31+'Water Consmp.'!I35+'Water Consmp.'!I39 -> 3834932 | K15: =SUM('GENERATOR CONSMP.'!H6,'GENERATOR CONSMP.'!H12,'GENERATOR CONSMP.'!H18) -> 443.38
A16: Water Data Coverage | B16: =COUNT('Water Consmp.'!C3:K3) -> 9 | C16: Months | D16: Months populated in core data | E16: REVIEW | F16: 46300 | H16: Aug | I16: ='Electrical Consmp.'!J4+'Electrical Consmp.'!J10+'Electrical Consmp.'!J16+'Electrical Consmp.'!J23+'Electrical Consmp.'!J30+'Electrical Consmp.'!J37+'Electrical Consmp.'!J43+'Electrical Consmp.'!J49+'Electrical Consmp.'!J55+'Electrical Consmp.'!J61 -> 58854 | J16: ='Water Consmp.'!J3+'Water Consmp.'!J7+'Water Consmp.'!J11+'Water Consmp.'!J15+'Water Consmp.'!J19+'Water Consmp.'!J23+'Water Consmp.'!J27+'Water Consmp.'!J31+'Water Consmp.'!J35+'Water Consmp.'!J39 -> 3336373 | K16: =SUM('GENERATOR CONSMP.'!I6,'GENERATOR CONSMP.'!I12,'GENERATOR CONSMP.'!I18) -> 339.08
A17: Generator Data Coverage | B17: =COUNT('GENERATOR CONSMP.'!C5:K5) -> 7 | C17: Months | D17: Months populated in core data | E17: REVIEW | F17: 46300 | H17: Sep | I17: ='Electrical Consmp.'!K4+'Electrical Consmp.'!K10+'Electrical Consmp.'!K16+'Electrical Consmp.'!K23+'Electrical Consmp.'!K30+'Electrical Consmp.'!K37+'Electrical Consmp.'!K43+'Electrical Consmp.'!K49+'Electrical Consmp.'!K55+'Electrical Consmp.'!K61 -> 20775 | J17: ='Water Consmp.'!K3+'Water Consmp.'!K7+'Water Consmp.'!K11+'Water Consmp.'!K15+'Water Consmp.'!K19+'Water Consmp.'!K23+'Water Consmp.'!K27+'Water Consmp.'!K31+'Water Consmp.'!K35+'Water Consmp.'!K39 -> 3046376 | K17: =SUM('GENERATOR CONSMP.'!J6,'GENERATOR CONSMP.'!J12,'GENERATOR CONSMP.'!J18) -> 60
A18: Repair Data Coverage | B18: 9 | C18: Months | D18: Operational entries currently populated | E18: REVIEW | F18: 46300 | H18: Oct | I18: ='Electrical Consmp.'!L4+'Electrical Consmp.'!L10+'Electrical Consmp.'!L16+'Electrical Consmp.'!L23+'Electrical Consmp.'!L30+'Electrical Consmp.'!L37+'Electrical Consmp.'!L43+'Electrical Consmp.'!L49+'Electrical Consmp.'!L55+'Electrical Consmp.'!L61 -> 0 | J18: ='Water Consmp.'!L3+'Water Consmp.'!L7+'Water Consmp.'!L11+'Water Consmp.'!L15+'Water Consmp.'!L19+'Water Consmp.'!L23+'Water Consmp.'!L27+'Water Consmp.'!L31+'Water Consmp.'!L35+'Water Consmp.'!L39 -> 0 | K18: =SUM('GENERATOR CONSMP.'!K6,'GENERATOR CONSMP.'!K12,'GENERATOR CONSMP.'!K18) -> 0
A19: Water-Test Coverage | B19: 2 | C19: Quarters | D19: Most locations populated through Q2 | E19: REVIEW | F19: 46300 | H19: Nov | I19: ='Electrical Consmp.'!M4+'Electrical Consmp.'!M10+'Electrical Consmp.'!M16+'Electrical Consmp.'!M23+'Electrical Consmp.'!M30+'Electrical Consmp.'!M37+'Electrical Consmp.'!M43+'Electrical Consmp.'!M49+'Electrical Consmp.'!M55+'Electrical Consmp.'!M61 -> 0 | J19: ='Water Consmp.'!M3+'Water Consmp.'!M7+'Water Consmp.'!M11+'Water Consmp.'!M15+'Water Consmp.'!M19+'Water Consmp.'!M23+'Water Consmp.'!M27+'Water Consmp.'!M31+'Water Consmp.'!M35+'Water Consmp.'!M39 -> 0 | K19: =SUM('GENERATOR CONSMP.'!L6,'GENERATOR CONSMP.'!L12,'GENERATOR CONSMP.'!L18) -> 0
A20: Control Note | B20: Q4 readings not fabricated | C20: - | D20: Missing Q4 source data remains intentionally blank | E20: ACTION | F20: 46300 | H20: Dec | I20: ='Electrical Consmp.'!N4+'Electrical Consmp.'!N10+'Electrical Consmp.'!N16+'Electrical Consmp.'!N23+'Electrical Consmp.'!N30+'Electrical Consmp.'!N37+'Electrical Consmp.'!N43+'Electrical Consmp.'!N49+'Electrical Consmp.'!N55+'Electrical Consmp.'!N61 -> 0 | J20: ='Water Consmp.'!N3+'Water Consmp.'!N7+'Water Consmp.'!N11+'Water Consmp.'!N15+'Water Consmp.'!N19+'Water Consmp.'!N23+'Water Consmp.'!N27+'Water Consmp.'!N31+'Water Consmp.'!N35+'Water Consmp.'!N39 -> 0 | K20: =SUM('GENERATOR CONSMP.'!M6,'GENERATOR CONSMP.'!M12,'GENERATOR CONSMP.'!M18) -> 0

Sheet DASHBOARD
A1: AKESI FACILITY MANAGEMENT MIS – 2026
A3: Audit / reporting status as of 05-Oct-2026 | Missing Q4 source data intentionally not fabricated
A5: Electrical kWh YTD | D5: Electrical Cost YTD | G5: Water Litres YTD | J5: Repair Spend YTD | M5: AMC Expired
A6: ='KPI ENGINE'!B3 -> 401232 | D6: ='KPI ENGINE'!B4 -> 4817873 | G6: ='KPI ENGINE'!B5 -> 26736768 | J6: ='KPI ENGINE'!B10 -> 1604542 | M6: ='KPI ENGINE'!B11 -> 12
A9: AMC Date Errors | D9: Water-Test Exceptions | G9: Electrical Coverage | J9: Water Coverage | M9: Generator Coverage
A10: ='KPI ENGINE'!B12 -> 1 | D10: ='KPI ENGINE'!B14 -> 108 | G10: =COUNTIF('KPI ENGINE'!I3:T3,">0")&" / 12" -> 9 / 12 | J10: =COUNTIF('KPI ENGINE'!I4:T4,">0")&" / 12" -> 9 / 12 | M10: =COUNTIF('KPI ENGINE'!K9:K20,">0")&" / 12" -> 9 / 12
A13: MANAGEMENT ACTIONS / DATA GAPS
A14: Priority | B14: Area | C14: Issue | D14: Current State | E14: Owner / Next Step | F14: Target
A15: 1 | B15: Q4 data | C15: Oct-Dec electrical/water/generator data missing | D15: Incomplete | E15: Update source logs | F15: Immediate
A16: 1 | B16: Water Tests | C16: Q3/Q4 records incomplete | D16: Incomplete | E16: Complete testing + NABL reports | F16: Immediate
A17: 1 | B17: AMC | C17: Expired/date-error records identified | D17: Review | E17: Renew/close/confirm contracts | F17: Immediate
A18: 2 | B18: Formula Governance | C18: Historical hard-coded derived values remain | D18: Partial | E18: Use formula-driven source tables | F18: Ongoing

Sheet MIS_Calc
A1: MIS CALCULATION ENGINE — links every FM_Dashboard figure to the source sheets. Do not type here; enter data in the source sheets.
A2: Parameter | B2: Value | E2: Month list | F2: Days | G2: School list | H2: AMC-LOG name | I2: WATER TESTS name | J2: REPAIRS ticket column (in C:T)
A3: Dashboard month | B3: =FM_Dashboard!$D$5 -> Sep-26 | E3: 2026 YTD | G3: All Schools
A4: Dashboard school | B4: =FM_Dashboard!$J$5 -> All Schools | E4: Jan-26 | F4: =CONFIG!B3 -> 31 | G4: DJHSM | H4: DJHSM | I4: DJHSM | J4: 1
A5: Month column (1–12; 13 = YTD) | B5: =IF($B$3="2026 YTD",13,IFERROR(MATCH($B$3,$E$4:$E$15,0),13)) -> 9 | E5: Feb-26 | F5: =CONFIG!C3 -> 28 | G5: DJG | H5: DJG | I5: DJG | J5: 3
A6: School row (1–10; 11 = All Schools) | B6: =IF($B$4="All Schools",11,IFERROR(MATCH($B$4,$G$4:$G$13,0),11)) -> 11 | E6: Mar-26 | F6: =CONFIG!D3 -> 31 | G6: AKSM | H6: AKSM | I6: AKSM | J6: 13
A7: Latest month with electricity data | B7: =IF($B$8=0,"–",INDEX($E$4:$E$15,$B$8)) -> Sep-26 | E7: Apr-26 | F7: =CONFIG!E3 -> 30 | G7: AKSS | H7: AKSS | I7: AKSS | J7: 15
A8: Latest month index | B8: =IFERROR(MATCH(9.99E+307,$B$32:$M$32),0) -> 9 | E8: May-26 | F8: =CONFIG!F3 -> 31 | G8: AKSC | H8: AKSC | I8: AKSC | J8: 17
A9: Latest month reported by all 10 schools | B9: =IFERROR(LOOKUP(2,1/(($B$33:$M$33=10)*($B$78:$M$78=10)),$E$4:$E$15),"–") -> Jul-26 | E9: Jun-26 | F9: =CONFIG!G3 -> 30 | G9: DJHSH (PRI) | H9: DJHSH (P) | I9: DJHSH (PRI) | J9: 5
A10: Days in selection | B10: =IF($B$5=13,IF($B$8=0,"",SUM($F$4:INDEX($F$4:$F$15,$B$8))),INDEX($F$4:$F$15,$B$5)) -> 30 | E10: Jul-26 | F10: =CONFIG!H3 -> 31 | G10: DJHSH (HS) | H10: DJHSH (H) | I10: DJHSH (SEC) | J10: 5
A11: Previous month column | B11: =IF(OR($B$5=13,$B$5=1),"",$B$5-1) -> 8 | E11: Aug-26 | F11: =CONFIG!I3 -> 31 | G11: PJHSW | H11: PJHSW | I11: PJHSW | J11: 9
A12: Repairs row (DJHSH PRI + HS are logged together) | B12: =IF($B$6=7,6,$B$6) -> 11 | E12: Sep-26 | F12: =CONFIG!J3 -> 30 | G12: LSHSA | H12: LSHSA | I12: LSHSA | J12: 11
A13: Repairs ticket column of selected school | B13: =IF($B$6=11,"",INDEX($J$4:$J$13,$B$6)) | E13: Oct-26 | F13: =CONFIG!K3 -> 31 | G13: AKHH | H13: AKHH | I13: AKHH | J13: 7
A14: Watch threshold: selection vs YTD monthly average (editable) | B14: 0.15 | E14: Nov-26 | F14: =CONFIG!L3 -> 30
E15: Dec-26 | F15: =CONFIG!M3 -> 31
A20: A1. Grid electricity (kWh) — Electrical Consmp.
A21: School | B21: Jan-26 | C21: Feb-26 | D21: Mar-26 | E21: Apr-26 | F21: May-26 | G21: Jun-26 | H21: Jul-26 | I21: Aug-26 | J21: Sep-26 | K21: Oct-26 | L21: Nov-26 | M21: Dec-26 | N21: 2026 YTD | O21: Avg per logged month
A22: DJHSM | B22: =IF('Electrical Consmp.'!C4="","",'Electrical Consmp.'!C4) -> 11200 | C22: =IF('Electrical Consmp.'!D4="","",'Electrical Consmp.'!D4) -> 12400 | D22: =IF('Electrical Consmp.'!E4="","",'Electrical Consmp.'!E4) -> 12000 | E22: =IF('Electrical Consmp.'!F4="","",'Electrical Consmp.'!F4) -> 14600 | F22: =IF('Electrical Consmp.'!G4="","",'Electrical Consmp.'!G4) -> 9000 | G22: =IF('Electrical Consmp.'!H4="","",'Electrical Consmp.'!H4) -> 16800 | H22: =IF('Electrical Consmp.'!I4="","",'Electrical Consmp.'!I4) -> 15000 | I22: =IF('Electrical Consmp.'!J4="","",'Electrical Consmp.'!J4) -> 14800 | ... M22: =IF('Electrical Consmp.'!N4="","",'Electrical Consmp.'!N4) | N22: =IF(COUNT(B22:M22)=0,"",SUM(B22:M22)) -> 105800 | O22: =IF(COUNT(B22:M22)=0,"",AVERAGE(B22:M22)) -> 13225
A23: DJG | B23: =IF('Electrical Consmp.'!C10="","",'Electrical Consmp.'!C10) -> 2280 | C23: =IF('Electrical Consmp.'!D10="","",'Electrical Consmp.'!D10) -> 2727 | D23: =IF('Electrical Consmp.'!E10="","",'Electrical Consmp.'!E10) -> 3054 | E23: =IF('Electrical Consmp.'!F10="","",'Electrical Consmp.'!F10) -> 3334 | F23: =IF('Electrical Consmp.'!G10="","",'Electrical Consmp.'!G10) -> 2364 | G23: =IF('Electrical Consmp.'!H10="","",'Electrical Consmp.'!H10) -> 2319 | H23: =IF('Electrical Consmp.'!I10="","",'Electrical Consmp.'!I10) -> 3660 | I23: =IF('Electrical Consmp.'!J10="","",'Electrical Consmp.'!J10) -> 3884 | ... M23: =IF('Electrical Consmp.'!N10="","",'Electrical Consmp.'!N10) | N23: =IF(COUNT(B23:M23)=0,"",SUM(B23:M23)) -> 27442 | O23: =IF(COUNT(B23:M23)=0,"",AVERAGE(B23:M23)) -> 3049.1111
A24: AKSM | B24: =IF('Electrical Consmp.'!C16="","",'Electrical Consmp.'!C16) -> 1376 | C24: =IF('Electrical Consmp.'!D16="","",'Electrical Consmp.'!D16) -> 1020 | D24: =IF('Electrical Consmp.'!E16="","",'Electrical Consmp.'!E16) -> 1311 | E24: =IF('Electrical Consmp.'!F16="","",'Electrical Consmp.'!F16) -> 2178 | F24: =IF('Electrical Consmp.'!G16="","",'Electrical Consmp.'!G16) -> 338 | G24: =IF('Electrical Consmp.'!H16="","",'Electrical Consmp.'!H16) -> 2400 | H24: =IF('Electrical Consmp.'!I16="","",'Electrical Consmp.'!I16) -> 3596 | I24: =IF('Electrical Consmp.'!J16="","",'Electrical Consmp.'!J16) -> 3502 | ... M24: =IF('Electrical Consmp.'!N16="","",'Electrical Consmp.'!N16) | N24: =IF(COUNT(B24:M24)=0,"",SUM(B24:M24)) -> 15721 | O24: =IF(COUNT(B24:M24)=0,"",AVERAGE(B24:M24)) -> 1965.125
A25: AKSS | B25: =IF('Electrical Consmp.'!C23="","",'Electrical Consmp.'!C23) -> 2261 | C25: =IF('Electrical Consmp.'!D23="","",'Electrical Consmp.'!D23) -> 2111 | D25: =IF('Electrical Consmp.'!E23="","",'Electrical Consmp.'!E23) -> 2872 | E25: =IF('Electrical Consmp.'!F23="","",'Electrical Consmp.'!F23) -> 4747 | F25: =IF('Electrical Consmp.'!G23="","",'Electrical Consmp.'!G23) -> 5189 | G25: =IF('Electrical Consmp.'!H23="","",'Electrical Consmp.'!H23) -> 7265 | H25: =IF('Electrical Consmp.'!I23="","",'Electrical Consmp.'!I23) -> 5844 | I25: =IF('Electrical Consmp.'!J23="","",'Electrical Consmp.'!J23) -> 4860 | ... M25: =IF('Electrical Consmp.'!N23="","",'Electrical Consmp.'!N23) | N25: =IF(COUNT(B25:M25)=0,"",SUM(B25:M25)) -> 35149 | O25: =IF(COUNT(B25:M25)=0,"",AVERAGE(B25:M25)) -> 4393.625
A26: AKSC | B26: =IF('Electrical Consmp.'!C30="","",'Electrical Consmp.'!C30) -> 0 | C26: =IF('Electrical Consmp.'!D30="","",'Electrical Consmp.'!D30) -> 0 | D26: =IF('Electrical Consmp.'!E30="","",'Electrical Consmp.'!E30) -> 0 | E26: =IF('Electrical Consmp.'!F30="","",'Electrical Consmp.'!F30) -> 0 | F26: =IF('Electrical Consmp.'!G30="","",'Electrical Consmp.'!G30) -> 0 | G26: =IF('Electrical Consmp.'!H30="","",'Electrical Consmp.'!H30) -> 5378 | H26: =IF('Electrical Consmp.'!I30="","",'Electrical Consmp.'!I30) -> 6691 | I26: =IF('Electrical Consmp.'!J30="","",'Electrical Consmp.'!J30) -> 7600 | ... M26: =IF('Electrical Consmp.'!N30="","",'Electrical Consmp.'!N30) | N26: =IF(COUNT(B26:M26)=0,"",SUM(B26:M26)) -> 19669 | O26: =IF(COUNT(B26:M26)=0,"",AVERAGE(B26:M26)) -> 2458.625
A27: DJHSH (PRI) | B27: =IF('Electrical Consmp.'!C37="","",'Electrical Consmp.'!C37) -> 783 | C27: =IF('Electrical Consmp.'!D37="","",'Electrical Consmp.'!D37) -> 1022 | D27: =IF('Electrical Consmp.'!E37="","",'Electrical Consmp.'!E37) -> 1065 | E27: =IF('Electrical Consmp.'!F37="","",'Electrical Consmp.'!F37) -> 786 | F27: =IF('Electrical Consmp.'!G37="","",'Electrical Consmp.'!G37) -> 531 | G27: =IF('Electrical Consmp.'!H37="","",'Electrical Consmp.'!H37) -> 1165 | H27: =IF('Electrical Consmp.'!I37="","",'Electrical Consmp.'!I37) -> 1300 | I27: =IF('Electrical Consmp.'!J37="","",'Electrical Consmp.'!J37) -> 1330 | ... M27: =IF('Electrical Consmp.'!N37="","",'Electrical Consmp.'!N37) | N27: =IF(COUNT(B27:M27)=0,"",SUM(B27:M27)) -> 9169 | O27: =IF(COUNT(B27:M27)=0,"",AVERAGE(B27:M27)) -> 1018.7778
A28: DJHSH (HS) | B28: =IF('Electrical Consmp.'!C43="","",'Electrical Consmp.'!C43) -> 1873 | C28: =IF('Electrical Consmp.'!D43="","",'Electrical Consmp.'!D43) -> 2273 | D28: =IF('Electrical Consmp.'!E43="","",'Electrical Consmp.'!E43) -> 2436 | E28: =IF('Electrical Consmp.'!F43="","",'Electrical Consmp.'!F43) -> 3214 | F28: =IF('Electrical Consmp.'!G43="","",'Electrical Consmp.'!G43) -> 2853 | G28: =IF('Electrical Consmp.'!H43="","",'Electrical Consmp.'!H43) -> 3226 | H28: =IF('Electrical Consmp.'!I43="","",'Electrical Consmp.'!I43) -> 3270 | I28: =IF('Electrical Consmp.'!J43="","",'Electrical Consmp.'!J43) -> 3062 | ... M28: =IF('Electrical Consmp.'!N43="","",'Electrical Consmp.'!N43) | N28: =IF(COUNT(B28:M28)=0,"",SUM(B28:M28)) -> 25634 | O28: =IF(COUNT(B28:M28)=0,"",AVERAGE(B28:M28)) -> 2848.2222
A29: PJHSW | B29: =IF('Electrical Consmp.'!C49="","",'Electrical Consmp.'!C49) -> 3548 | C29: =IF('Electrical Consmp.'!D49="","",'Electrical Consmp.'!D49) -> 4827 | D29: =IF('Electrical Consmp.'!E49="","",'Electrical Consmp.'!E49) -> 5086 | E29: =IF('Electrical Consmp.'!F49="","",'Electrical Consmp.'!F49) -> 5320 | F29: =IF('Electrical Consmp.'!G49="","",'Electrical Consmp.'!G49) -> 4331 | G29: =IF('Electrical Consmp.'!H49="","",'Electrical Consmp.'!H49) -> 5754 | H29: =IF('Electrical Consmp.'!I49="","",'Electrical Consmp.'!I49) -> 7480 | I29: =IF('Electrical Consmp.'!J49="","",'Electrical Consmp.'!J49) -> 5901 | ... M29: =IF('Electrical Consmp.'!N49="","",'Electrical Consmp.'!N49) | N29: =IF(COUNT(B29:M29)=0,"",SUM(B29:M29)) -> 42247 | O29: =IF(COUNT(B29:M29)=0,"",AVERAGE(B29:M29)) -> 5280.875
A30: LSHSA | B30: =IF('Electrical Consmp.'!C55="","",'Electrical Consmp.'!C55) -> 2616 | C30: =IF('Electrical Consmp.'!D55="","",'Electrical Consmp.'!D55) -> 3235 | D30: =IF('Electrical Consmp.'!E55="","",'Electrical Consmp.'!E55) -> 4519 | E30: =IF('Electrical Consmp.'!F55="","",'Electrical Consmp.'!F55) -> 4456 | F30: =IF('Electrical Consmp.'!G55="","",'Electrical Consmp.'!G55) -> 3614 | G30: =IF('Electrical Consmp.'!H55="","",'Electrical Consmp.'!H55) -> 5666 | H30: =IF('Electrical Consmp.'!I55="","",'Electrical Consmp.'!I55) -> 5226 | I30: =IF('Electrical Consmp.'!J55="","",'Electrical Consmp.'!J55) -> 4200 | ... M30: =IF('Electrical Consmp.'!N55="","",'Electrical Consmp.'!N55) | N30: =IF(COUNT(B30:M30)=0,"",SUM(B30:M30)) -> 36621 | O30: =IF(COUNT(B30:M30)=0,"",AVERAGE(B30:M30)) -> 4069
A31: AKHH | B31: =IF('Electrical Consmp.'!C61="","",'Electrical Consmp.'!C61) -> 12593 | C31: =IF('Electrical Consmp.'!D61="","",'Electrical Consmp.'!D61) -> 12752 | D31: =IF('Electrical Consmp.'!E61="","",'Electrical Consmp.'!E61) -> 8431 | E31: =IF('Electrical Consmp.'!F61="","",'Electrical Consmp.'!F61) -> 8840 | F31: =IF('Electrical Consmp.'!G61="","",'Electrical Consmp.'!G61) -> 4819 | G31: =IF('Electrical Consmp.'!H61="","",'Electrical Consmp.'!H61) -> 8107 | H31: =IF('Electrical Consmp.'!I61="","",'Electrical Consmp.'!I61) -> 9271 | I31: =IF('Electrical Consmp.'!J61="","",'Electrical Consmp.'!J61) -> 9715 | ... M31: =IF('Electrical Consmp.'!N61="","",'Electrical Consmp.'!N61) | N31: =IF(COUNT(B31:M31)=0,"",SUM(B31:M31)) -> 83780 | O31: =IF(COUNT(B31:M31)=0,"",AVERAGE(B31:M31)) -> 9308.8889
A32: All Schools | B32: =IF(COUNT(B22:B31)=0,"",SUM(B22:B31)) -> 38530 | C32: =IF(COUNT(C22:C31)=0,"",SUM(C22:C31)) -> 42367 | D32: =IF(COUNT(D22:D31)=0,"",SUM(D22:D31)) -> 40774 | E32: =IF(COUNT(E22:E31)=0,"",SUM(E22:E31)) -> 47475 | F32: =IF(COUNT(F22:F31)=0,"",SUM(F22:F31)) -> 33039 | G32: =IF(COUNT(G22:G31)=0,"",SUM(G22:G31)) -> 58080 | H32: =IF(COUNT(H22:H31)=0,"",SUM(H22:H31)) -> 61338 | I32: =IF(COUNT(I22:I31)=0,"",SUM(I22:I31)) -> 58854 | ... O32: =IF(COUNT(O22:O31)=0,"",SUM(O22:O31)) -> 47617.25
A33: Schools reporting (N = months logged) | B33: =COUNT(B22:B31) -> 10 | C33: =COUNT(C22:C31) -> 10 | D33: =COUNT(D22:D31) -> 10 | E33: =COUNT(E22:E31) -> 10 | F33: =COUNT(F22:F31) -> 10 | G33: =COUNT(G22:G31) -> 10 | H33: =COUNT(H22:H31) -> 10 | I33: =COUNT(I22:I31) -> 10 | ... M33: =COUNT(M22:M31) -> 0 | N33: =COUNT(B32:M32) -> 9
A35: A2. Electricity cost (₹) — Electrical Consmp.
A36: School | B36: Jan-26 | C36: Feb-26 | D36: Mar-26 | E36: Apr-26 | F36: May-26 | G36: Jun-26 | H36: Jul-26 | I36: Aug-26 | J36: Sep-26 | K36: Oct-26 | L36: Nov-26 | M36: Dec-26 | N36: 2026 YTD | O36: Avg per logged month
A37: DJHSM | B37: =IF('Electrical Consmp.'!C5="","",'Electrical Consmp.'!C5) -> 138780 | C37: =IF('Electrical Consmp.'!D5="","",'Electrical Consmp.'!D5) -> 169170 | D37: =IF('Electrical Consmp.'!E5="","",'Electrical Consmp.'!E5) -> 187880 | E37: =IF('Electrical Consmp.'!F5="","",'Electrical Consmp.'!F5) -> 215190 | F37: =IF('Electrical Consmp.'!G5="","",'Electrical Consmp.'!G5) -> 160300 | G37: =IF('Electrical Consmp.'!H5="","",'Electrical Consmp.'!H5) -> 248550 | H37: =IF('Electrical Consmp.'!I5="","",'Electrical Consmp.'!I5) -> 231650 | I37: =IF('Electrical Consmp.'!J5="","",'Electrical Consmp.'!J5) -> 242730 | ... M37: =IF('Electrical Consmp.'!N5="","",'Electrical Consmp.'!N5) | N37: =IF(COUNT(B37:M37)=0,"",SUM(B37:M37)) -> 1594250 | O37: =IF(COUNT(B37:M37)=0,"",AVERAGE(B37:M37)) -> 199281.25
A38: DJG | B38: =IF('Electrical Consmp.'!C11="","",'Electrical Consmp.'!C11) -> 24771 | C38: =IF('Electrical Consmp.'!D11="","",'Electrical Consmp.'!D11) -> 29093 | D38: =IF('Electrical Consmp.'!E11="","",'Electrical Consmp.'!E11) -> 25707 | E38: =IF('Electrical Consmp.'!F11="","",'Electrical Consmp.'!F11) -> 34139 | F38: =IF('Electrical Consmp.'!G11="","",'Electrical Consmp.'!G11) -> 24188 | G38: =IF('Electrical Consmp.'!H11="","",'Electrical Consmp.'!H11) -> 24045 | H38: =IF('Electrical Consmp.'!I11="","",'Electrical Consmp.'!I11) -> 38889 | I38: =IF('Electrical Consmp.'!J11="","",'Electrical Consmp.'!J11) -> 41583 | ... M38: =IF('Electrical Consmp.'!N11="","",'Electrical Consmp.'!N11) | N38: =IF(COUNT(B38:M38)=0,"",SUM(B38:M38)) -> 286022 | O38: =IF(COUNT(B38:M38)=0,"",AVERAGE(B38:M38)) -> 31780.222
A39: AKSM | B39: =IF('Electrical Consmp.'!C17="","",'Electrical Consmp.'!C17) -> 19601 | C39: =IF('Electrical Consmp.'!D17="","",'Electrical Consmp.'!D17) -> 17021 | D39: =IF('Electrical Consmp.'!E17="","",'Electrical Consmp.'!E17) -> 22189 | E39: =IF('Electrical Consmp.'!F17="","",'Electrical Consmp.'!F17) -> 27504 | F39: =IF('Electrical Consmp.'!G17="","",'Electrical Consmp.'!G17) -> 10224 | G39: =IF('Electrical Consmp.'!H17="","",'Electrical Consmp.'!H17) -> 22056 | H39: =IF('Electrical Consmp.'!I17="","",'Electrical Consmp.'!I17) -> 44149 | I39: =IF('Electrical Consmp.'!J17="","",'Electrical Consmp.'!J17) -> 46165 | ... M39: =IF('Electrical Consmp.'!N17="","",'Electrical Consmp.'!N17) | N39: =IF(COUNT(B39:M39)=0,"",SUM(B39:M39)) -> 208909 | O39: =IF(COUNT(B39:M39)=0,"",AVERAGE(B39:M39)) -> 26113.625
A40: AKSS | B40: =IF('Electrical Consmp.'!C24="","",'Electrical Consmp.'!C24) -> 16587 | C40: =IF('Electrical Consmp.'!D24="","",'Electrical Consmp.'!D24) -> 15540 | D40: =IF('Electrical Consmp.'!E24="","",'Electrical Consmp.'!E24) -> 20966 | E40: =IF('Electrical Consmp.'!F24="","",'Electrical Consmp.'!F24) -> 29893 | F40: =IF('Electrical Consmp.'!G24="","",'Electrical Consmp.'!G24) -> 32910 | G40: =IF('Electrical Consmp.'!H24="","",'Electrical Consmp.'!H24) -> 50078 | H40: =IF('Electrical Consmp.'!I24="","",'Electrical Consmp.'!I24) -> 40421 | I40: =IF('Electrical Consmp.'!J24="","",'Electrical Consmp.'!J24) -> 33765 | ... M40: =IF('Electrical Consmp.'!N24="","",'Electrical Consmp.'!N24) | N40: =IF(COUNT(B40:M40)=0,"",SUM(B40:M40)) -> 240160 | O40: =IF(COUNT(B40:M40)=0,"",AVERAGE(B40:M40)) -> 30020
A41: AKSC | B41: =IF('Electrical Consmp.'!C31="","",'Electrical Consmp.'!C31) -> 0 | C41: =IF('Electrical Consmp.'!D31="","",'Electrical Consmp.'!D31) -> 0 | D41: =IF('Electrical Consmp.'!E31="","",'Electrical Consmp.'!E31) -> 0 | E41: =IF('Electrical Consmp.'!F31="","",'Electrical Consmp.'!F31) -> 0 | F41: =IF('Electrical Consmp.'!G31="","",'Electrical Consmp.'!G31) -> 0 | G41: =IF('Electrical Consmp.'!H31="","",'Electrical Consmp.'!H31) -> 9906 | H41: =IF('Electrical Consmp.'!I31="","",'Electrical Consmp.'!I31) -> 8931 | I41: =IF('Electrical Consmp.'!J31="","",'Electrical Consmp.'!J31) -> 6492 | ... M41: =IF('Electrical Consmp.'!N31="","",'Electrical Consmp.'!N31) | N41: =IF(COUNT(B41:M41)=0,"",SUM(B41:M41)) -> 25329 | O41: =IF(COUNT(B41:M41)=0,"",AVERAGE(B41:M41)) -> 3166.125
A42: DJHSH (PRI) | B42: =IF('Electrical Consmp.'!C38="","",'Electrical Consmp.'!C38) -> 9143 | C42: =IF('Electrical Consmp.'!D38="","",'Electrical Consmp.'!D38) -> 11632 | D42: =IF('Electrical Consmp.'!E38="","",'Electrical Consmp.'!E38) -> 12149 | E42: =IF('Electrical Consmp.'!F38="","",'Electrical Consmp.'!F38) -> 9142 | F42: =IF('Electrical Consmp.'!G38="","",'Electrical Consmp.'!G38) -> 6147 | G42: =IF('Electrical Consmp.'!H38="","",'Electrical Consmp.'!H38) -> 13295 | H42: =IF('Electrical Consmp.'!I38="","",'Electrical Consmp.'!I38) -> 14805 | I42: =IF('Electrical Consmp.'!J38="","",'Electrical Consmp.'!J38) -> 15043 | ... M42: =IF('Electrical Consmp.'!N38="","",'Electrical Consmp.'!N38) | N42: =IF(COUNT(B42:M42)=0,"",SUM(B42:M42)) -> 104894 | O42: =IF(COUNT(B42:M42)=0,"",AVERAGE(B42:M42)) -> 11654.889
A43: DJHSH (HS) | B43: =IF('Electrical Consmp.'!C44="","",'Electrical Consmp.'!C44) -> 22078 | C43: =IF('Electrical Consmp.'!D44="","",'Electrical Consmp.'!D44) -> 25744 | D43: =IF('Electrical Consmp.'!E44="","",'Electrical Consmp.'!E44) -> 28239 | E43: =IF('Electrical Consmp.'!F44="","",'Electrical Consmp.'!F44) -> 36550 | F43: =IF('Electrical Consmp.'!G44="","",'Electrical Consmp.'!G44) -> 32194 | G43: =IF('Electrical Consmp.'!H44="","",'Electrical Consmp.'!H44) -> 37067 | H43: =IF('Electrical Consmp.'!I44="","",'Electrical Consmp.'!I44) -> 37399 | I43: =IF('Electrical Consmp.'!J44="","",'Electrical Consmp.'!J44) -> 35075 | ... M43: =IF('Electrical Consmp.'!N44="","",'Electrical Consmp.'!N44) | N43: =IF(COUNT(B43:M43)=0,"",SUM(B43:M43)) -> 293187 | O43: =IF(COUNT(B43:M43)=0,"",AVERAGE(B43:M43)) -> 32576.333
A44: PJHSW | B44: =IF('Electrical Consmp.'!C50="","",'Electrical Consmp.'!C50) -> 63259 | C44: =IF('Electrical Consmp.'!D50="","",'Electrical Consmp.'!D50) -> 75296 | D44: =IF('Electrical Consmp.'!E50="","",'Electrical Consmp.'!E50) -> 78616 | E44: =IF('Electrical Consmp.'!F50="","",'Electrical Consmp.'!F50) -> 78945 | F44: =IF('Electrical Consmp.'!G50="","",'Electrical Consmp.'!G50) -> 61458 | G44: =IF('Electrical Consmp.'!H50="","",'Electrical Consmp.'!H50) -> 83750 | H44: =IF('Electrical Consmp.'!I50="","",'Electrical Consmp.'!I50) -> 99704 | I44: =IF('Electrical Consmp.'!J50="","",'Electrical Consmp.'!J50) -> 85110 | ... M44: =IF('Electrical Consmp.'!N50="","",'Electrical Consmp.'!N50) | N44: =IF(COUNT(B44:M44)=0,"",SUM(B44:M44)) -> 626138 | O44: =IF(COUNT(B44:M44)=0,"",AVERAGE(B44:M44)) -> 78267.25
A45: LSHSA | B45: =IF('Electrical Consmp.'!C56="","",'Electrical Consmp.'!C56) -> 33010 | C45: =IF('Electrical Consmp.'!D56="","",'Electrical Consmp.'!D56) -> 39842 | D45: =IF('Electrical Consmp.'!E56="","",'Electrical Consmp.'!E56) -> 54358 | E45: =IF('Electrical Consmp.'!F56="","",'Electrical Consmp.'!F56) -> 53596 | F45: =IF('Electrical Consmp.'!G56="","",'Electrical Consmp.'!G56) -> 38750 | G45: =IF('Electrical Consmp.'!H56="","",'Electrical Consmp.'!H56) -> 66835 | H45: =IF('Electrical Consmp.'!I56="","",'Electrical Consmp.'!I56) -> 68262 | I45: =IF('Electrical Consmp.'!J56="","",'Electrical Consmp.'!J56) -> 50662 | ... M45: =IF('Electrical Consmp.'!N56="","",'Electrical Consmp.'!N56) | N45: =IF(COUNT(B45:M45)=0,"",SUM(B45:M45)) -> 443277 | O45: =IF(COUNT(B45:M45)=0,"",AVERAGE(B45:M45)) -> 49253
A46: AKHH | B46: =IF('Electrical Consmp.'!C62="","",'Electrical Consmp.'!C62) -> 149994 | C46: =IF('Electrical Consmp.'!D62="","",'Electrical Consmp.'!D62) -> 151920 | D46: =IF('Electrical Consmp.'!E62="","",'Electrical Consmp.'!E62) -> 12040 | E46: =IF('Electrical Consmp.'!F62="","",'Electrical Consmp.'!F62) -> 63091 | F46: =IF('Electrical Consmp.'!G62="","",'Electrical Consmp.'!G62) -> 116411 | G46: =IF('Electrical Consmp.'!H62="","",'Electrical Consmp.'!H62) -> 129165 | H46: =IF('Electrical Consmp.'!I62="","",'Electrical Consmp.'!I62) -> 123948 | I46: =IF('Electrical Consmp.'!J62="","",'Electrical Consmp.'!J62) -> 126848 | ... M46: =IF('Electrical Consmp.'!N62="","",'Electrical Consmp.'!N62) | N46: =IF(COUNT(B46:M46)=0,"",SUM(B46:M46)) -> 995707 | O46: =IF(COUNT(B46:M46)=0,"",AVERAGE(B46:M46)) -> 110634.11
A47: All Schools | B47: =IF(COUNT(B37:B46)=0,"",SUM(B37:B46)) -> 477223 | C47: =IF(COUNT(C37:C46)=0,"",SUM(C37:C46)) -> 535258 | D47: =IF(COUNT(D37:D46)=0,"",SUM(D37:D46)) -> 442144 | E47: =IF(COUNT(E37:E46)=0,"",SUM(E37:E46)) -> 548050 | F47: =IF(COUNT(F37:F46)=0,"",SUM(F37:F46)) -> 482582 | G47: =IF(COUNT(G37:G46)=0,"",SUM(G37:G46)) -> 684747 | H47: =IF(COUNT(H37:H46)=0,"",SUM(H37:H46)) -> 708158 | I47: =IF(COUNT(I37:I46)=0,"",SUM(I37:I46)) -> 683473 | ... O47: =IF(COUNT(O37:O46)=0,"",SUM(O37:O46)) -> 572746.81
A48: Schools reporting (N = months logged) | B48: =COUNT(B37:B46) -> 10 | C48: =COUNT(C37:C46) -> 10 | D48: =COUNT(D37:D46) -> 10 | E48: =COUNT(E37:E46) -> 10 | F48: =COUNT(F37:F46) -> 10 | G48: =COUNT(G37:G46) -> 10 | H48: =COUNT(H37:H46) -> 10 | I48: =COUNT(I37:I46) -> 10 | ... M48: =COUNT(M37:M46) -> 0 | N48: =COUNT(B47:M47) -> 9
A50: A3. Solar generation (kWh) — Electrical Consmp.
A51: School | B51: Jan-26 | C51: Feb-26 | D51: Mar-26 | E51: Apr-26 | F51: May-26 | G51: Jun-26 | H51: Jul-26 | I51: Aug-26 | J51: Sep-26 | K51: Oct-26 | L51: Nov-26 | M51: Dec-26 | N51: 2026 YTD | O51: Avg per logged month
A52: DJHSM | B52: =IF('Electrical Consmp.'!C7="","",'Electrical Consmp.'!C7) -> 0 | C52: =IF('Electrical Consmp.'!D7="","",'Electrical Consmp.'!D7) -> 0 | D52: =IF('Electrical Consmp.'!E7="","",'Electrical Consmp.'!E7) -> 0 | E52: =IF('Electrical Consmp.'!F7="","",'Electrical Consmp.'!F7) -> 0 | F52: =IF('Electrical Consmp.'!G7="","",'Electrical Consmp.'!G7) -> 0 | G52: =IF('Electrical Consmp.'!H7="","",'Electrical Consmp.'!H7) -> 0 | H52: =IF('Electrical Consmp.'!I7="","",'Electrical Consmp.'!I7) -> 0 | I52: =IF('Electrical Consmp.'!J7="","",'Electrical Consmp.'!J7) -> 0 | ... M52: =IF('Electrical Consmp.'!N7="","",'Electrical Consmp.'!N7) | N52: =IF(COUNT(B52:M52)=0,"",SUM(B52:M52)) -> 0 | O52: =IF(COUNT(B52:M52)=0,"",AVERAGE(B52:M52)) -> 0
A53: DJG | B53: =IF('Electrical Consmp.'!C13="","",'Electrical Consmp.'!C13) -> 0 | C53: =IF('Electrical Consmp.'!D13="","",'Electrical Consmp.'!D13) -> 0 | D53: =IF('Electrical Consmp.'!E13="","",'Electrical Consmp.'!E13) -> 0 | E53: =IF('Electrical Consmp.'!F13="","",'Electrical Consmp.'!F13) -> 0 | F53: =IF('Electrical Consmp.'!G13="","",'Electrical Consmp.'!G13) -> 0 | G53: =IF('Electrical Consmp.'!H13="","",'Electrical Consmp.'!H13) -> 0 | H53: =IF('Electrical Consmp.'!I13="","",'Electrical Consmp.'!I13) -> 0 | I53: =IF('Electrical Consmp.'!J13="","",'Electrical Consmp.'!J13) -> 0 | ... M53: =IF('Electrical Consmp.'!N13="","",'Electrical Consmp.'!N13) | N53: =IF(COUNT(B53:M53)=0,"",SUM(B53:M53)) -> 0 | O53: =IF(COUNT(B53:M53)=0,"",AVERAGE(B53:M53)) -> 0
A54: AKSM | B54: =IF('Electrical Consmp.'!C19="","",'Electrical Consmp.'!C19) -> 1829 | C54: =IF('Electrical Consmp.'!D19="","",'Electrical Consmp.'!D19) -> 2464 | D54: =IF('Electrical Consmp.'!E19="","",'Electrical Consmp.'!E19) -> 2982 | E54: =IF('Electrical Consmp.'!F19="","",'Electrical Consmp.'!F19) -> 2965 | F54: =IF('Electrical Consmp.'!G19="","",'Electrical Consmp.'!G19) -> 2826 | G54: =IF('Electrical Consmp.'!H19="","",'Electrical Consmp.'!H19) -> 2617 | H54: =IF('Electrical Consmp.'!I19="","",'Electrical Consmp.'!I19) -> 3348 | I54: =IF('Electrical Consmp.'!J19="","",'Electrical Consmp.'!J19) -> 3594 | ... M54: =IF('Electrical Consmp.'!N19="","",'Electrical Consmp.'!N19) | N54: =IF(COUNT(B54:M54)=0,"",SUM(B54:M54)) -> 22625 | O54: =IF(COUNT(B54:M54)=0,"",AVERAGE(B54:M54)) -> 2828.125
A55: AKSS | B55: =IF('Electrical Consmp.'!C26="","",'Electrical Consmp.'!C26) -> 0 | C55: =IF('Electrical Consmp.'!D26="","",'Electrical Consmp.'!D26) -> 0 | D55: =IF('Electrical Consmp.'!E26="","",'Electrical Consmp.'!E26) -> 0 | E55: =IF('Electrical Consmp.'!F26="","",'Electrical Consmp.'!F26) -> 0 | F55: =IF('Electrical Consmp.'!G26="","",'Electrical Consmp.'!G26) -> 0 | G55: =IF('Electrical Consmp.'!H26="","",'Electrical Consmp.'!H26) -> 0 | H55: =IF('Electrical Consmp.'!I26="","",'Electrical Consmp.'!I26) -> 0 | I55: =IF('Electrical Consmp.'!J26="","",'Electrical Consmp.'!J26) -> 0 | ... M55: =IF('Electrical Consmp.'!N26="","",'Electrical Consmp.'!N26) | N55: =IF(COUNT(B55:M55)=0,"",SUM(B55:M55)) -> 0 | O55: =IF(COUNT(B55:M55)=0,"",AVERAGE(B55:M55)) -> 0
A56: AKSC | B56: =IF('Electrical Consmp.'!C33="","",'Electrical Consmp.'!C33) -> 1215.3 | C56: =IF('Electrical Consmp.'!D33="","",'Electrical Consmp.'!D33) -> 1061.5 | D56: =IF('Electrical Consmp.'!E33="","",'Electrical Consmp.'!E33) -> 1071.8 | E56: =IF('Electrical Consmp.'!F33="","",'Electrical Consmp.'!F33) -> 8483 | F56: =IF('Electrical Consmp.'!G33="","",'Electrical Consmp.'!G33) -> 10107 | G56: =IF('Electrical Consmp.'!H33="","",'Electrical Consmp.'!H33) -> 11913 | H56: =IF('Electrical Consmp.'!I33="","",'Electrical Consmp.'!I33) -> 13477 | I56: =IF('Electrical Consmp.'!J33="","",'Electrical Consmp.'!J33) -> 14795 | ... M56: =IF('Electrical Consmp.'!N33="","",'Electrical Consmp.'!N33) | N56: =IF(COUNT(B56:M56)=0,"",SUM(B56:M56)) -> 62123.6 | O56: =IF(COUNT(B56:M56)=0,"",AVERAGE(B56:M56)) -> 7765.45
A57: DJHSH (PRI) | B57: =IF('Electrical Consmp.'!C40="","",'Electrical Consmp.'!C40) -> 0 | C57: =IF('Electrical Consmp.'!D40="","",'Electrical Consmp.'!D40) -> 0 | D57: =IF('Electrical Consmp.'!E40="","",'Electrical Consmp.'!E40) -> 0 | E57: =IF('Electrical Consmp.'!F40="","",'Electrical Consmp.'!F40) -> 0 | F57: =IF('Electrical Consmp.'!G40="","",'Electrical Consmp.'!G40) -> 0 | G57: =IF('Electrical Consmp.'!H40="","",'Electrical Consmp.'!H40) -> 0 | H57: =IF('Electrical Consmp.'!I40="","",'Electrical Consmp.'!I40) -> 0 | I57: =IF('Electrical Consmp.'!J40="","",'Electrical Consmp.'!J40) -> 0 | ... M57: =IF('Electrical Consmp.'!N40="","",'Electrical Consmp.'!N40) | N57: =IF(COUNT(B57:M57)=0,"",SUM(B57:M57)) -> 0 | O57: =IF(COUNT(B57:M57)=0,"",AVERAGE(B57:M57)) -> 0
A58: DJHSH (HS) | B58: =IF('Electrical Consmp.'!C46="","",'Electrical Consmp.'!C46) -> 0 | C58: =IF('Electrical Consmp.'!D46="","",'Electrical Consmp.'!D46) -> 0 | D58: =IF('Electrical Consmp.'!E46="","",'Electrical Consmp.'!E46) -> 0 | E58: =IF('Electrical Consmp.'!F46="","",'Electrical Consmp.'!F46) -> 0 | F58: =IF('Electrical Consmp.'!G46="","",'Electrical Consmp.'!G46) -> 0 | G58: =IF('Electrical Consmp.'!H46="","",'Electrical Consmp.'!H46) -> 0 | H58: =IF('Electrical Consmp.'!I46="","",'Electrical Consmp.'!I46) -> 0 | I58: =IF('Electrical Consmp.'!J46="","",'Electrical Consmp.'!J46) -> 0 | ... M58: =IF('Electrical Consmp.'!N46="","",'Electrical Consmp.'!N46) | N58: =IF(COUNT(B58:M58)=0,"",SUM(B58:M58)) -> 0 | O58: =IF(COUNT(B58:M58)=0,"",AVERAGE(B58:M58)) -> 0
A59: PJHSW | B59: =IF('Electrical Consmp.'!C52="","",'Electrical Consmp.'!C52) -> 0 | C59: =IF('Electrical Consmp.'!D52="","",'Electrical Consmp.'!D52) -> 0 | D59: =IF('Electrical Consmp.'!E52="","",'Electrical Consmp.'!E52) -> 0 | E59: =IF('Electrical Consmp.'!F52="","",'Electrical Consmp.'!F52) -> 0 | F59: =IF('Electrical Consmp.'!G52="","",'Electrical Consmp.'!G52) -> 0 | G59: =IF('Electrical Consmp.'!H52="","",'Electrical Consmp.'!H52) -> 0 | H59: =IF('Electrical Consmp.'!I52="","",'Electrical Consmp.'!I52) -> 0 | I59: =IF('Electrical Consmp.'!J52="","",'Electrical Consmp.'!J52) -> 0 | ... M59: =IF('Electrical Consmp.'!N52="","",'Electrical Consmp.'!N52) | N59: =IF(COUNT(B59:M59)=0,"",SUM(B59:M59)) -> 0 | O59: =IF(COUNT(B59:M59)=0,"",AVERAGE(B59:M59)) -> 0
A60: LSHSA | B60: =IF('Electrical Consmp.'!C58="","",'Electrical Consmp.'!C58) -> 0 | C60: =IF('Electrical Consmp.'!D58="","",'Electrical Consmp.'!D58) -> 0 | D60: =IF('Electrical Consmp.'!E58="","",'Electrical Consmp.'!E58) -> 0 | E60: =IF('Electrical Consmp.'!F58="","",'Electrical Consmp.'!F58) -> 0 | F60: =IF('Electrical Consmp.'!G58="","",'Electrical Consmp.'!G58) -> 0 | G60: =IF('Electrical Consmp.'!H58="","",'Electrical Consmp.'!H58) -> 0 | H60: =IF('Electrical Consmp.'!I58="","",'Electrical Consmp.'!I58) -> 0 | I60: =IF('Electrical Consmp.'!J58="","",'Electrical Consmp.'!J58) -> 0 | ... M60: =IF('Electrical Consmp.'!N58="","",'Electrical Consmp.'!N58) | N60: =IF(COUNT(B60:M60)=0,"",SUM(B60:M60)) -> 0 | O60: =IF(COUNT(B60:M60)=0,"",AVERAGE(B60:M60)) -> 0
A61: AKHH | B61: =IF('Electrical Consmp.'!C64="","",'Electrical Consmp.'!C64) -> 5265 | C61: =IF('Electrical Consmp.'!D64="","",'Electrical Consmp.'!D64) -> 5543 | D61: =IF('Electrical Consmp.'!E64="","",'Electrical Consmp.'!E64) -> 11156 | E61: =IF('Electrical Consmp.'!F64="","",'Electrical Consmp.'!F64) -> 8556 | F61: =IF('Electrical Consmp.'!G64="","",'Electrical Consmp.'!G64) -> 8417 | G61: =IF('Electrical Consmp.'!H64="","",'Electrical Consmp.'!H64) -> 7590 | H61: =IF('Electrical Consmp.'!I64="","",'Electrical Consmp.'!I64) -> 10958 | I61: =IF('Electrical Consmp.'!J64="","",'Electrical Consmp.'!J64) -> 12043 | ... M61: =IF('Electrical Consmp.'!N64="","",'Electrical Consmp.'!N64) | N61: =IF(COUNT(B61:M61)=0,"",SUM(B61:M61)) -> 77022 | O61: =IF(COUNT(B61:M61)=0,"",AVERAGE(B61:M61)) -> 8558
A62: All Schools | B62: =IF(COUNT(B52:B61)=0,"",SUM(B52:B61)) -> 8309.3 | C62: =IF(COUNT(C52:C61)=0,"",SUM(C52:C61)) -> 9068.5 | D62: =IF(COUNT(D52:D61)=0,"",SUM(D52:D61)) -> 15209.8 | E62: =IF(COUNT(E52:E61)=0,"",SUM(E52:E61)) -> 20004 | F62: =IF(COUNT(F52:F61)=0,"",SUM(F52:F61)) -> 21350 | G62: =IF(COUNT(G52:G61)=0,"",SUM(G52:G61)) -> 22120 | H62: =IF(COUNT(H52:H61)=0,"",SUM(H52:H61)) -> 27783 | I62: =IF(COUNT(I52:I61)=0,"",SUM(I52:I61)) -> 30432 | ... O62: =IF(COUNT(O52:O61)=0,"",SUM(O52:O61)) -> 19151.575
A63: Schools reporting (N = months logged) | B63: =COUNT(B52:B61) -> 10 | C63: =COUNT(C52:C61) -> 10 | D63: =COUNT(D52:D61) -> 10 | E63: =COUNT(E52:E61) -> 10 | F63: =COUNT(F52:F61) -> 10 | G63: =COUNT(G52:G61) -> 10 | H63: =COUNT(H52:H61) -> 10 | I63: =COUNT(I52:I61) -> 10 | ... M63: =COUNT(M52:M61) -> 0 | N63: =COUNT(B62:M62) -> 9
A65: A4. Water consumed (litres) — Water Consmp.
A66: School | B66: Jan-26 | C66: Feb-26 | D66: Mar-26 | E66: Apr-26 | F66: May-26 | G66: Jun-26 | H66: Jul-26 | I66: Aug-26 | J66: Sep-26 | K66: Oct-26 | L66: Nov-26 | M66: Dec-26 | N66: 2026 YTD | O66: Avg per logged month
A67: DJHSM | B67: =IF('Water Consmp.'!C3="","",'Water Consmp.'!C3) -> 58400 | C67: =IF('Water Consmp.'!D3="","",'Water Consmp.'!D3) -> 60100 | D67: =IF('Water Consmp.'!E3="","",'Water Consmp.'!E3) -> 54900 | E67: =IF('Water Consmp.'!F3="","",'Water Consmp.'!F3) -> 54000 | F67: =IF('Water Consmp.'!G3="","",'Water Consmp.'!G3) -> 67900 | G67: =IF('Water Consmp.'!H3="","",'Water Consmp.'!H3) -> 40400 | H67: =IF('Water Consmp.'!I3="","",'Water Consmp.'!I3) -> 50500 | I67: =IF('Water Consmp.'!J3="","",'Water Consmp.'!J3) -> 43400 | ... M67: =IF('Water Consmp.'!N3="","",'Water Consmp.'!N3) | N67: =IF(COUNT(B67:M67)=0,"",SUM(B67:M67)) -> 471900 | O67: =IF(COUNT(B67:M67)=0,"",AVERAGE(B67:M67)) -> 52433.333
A68: DJG | B68: =IF('Water Consmp.'!C7="","",'Water Consmp.'!C7) -> 16184 | C68: =IF('Water Consmp.'!D7="","",'Water Consmp.'!D7) -> 13357 | D68: =IF('Water Consmp.'!E7="","",'Water Consmp.'!E7) -> 14763 | E68: =IF('Water Consmp.'!F7="","",'Water Consmp.'!F7) -> 8947 | F68: =IF('Water Consmp.'!G7="","",'Water Consmp.'!G7) -> 5991 | G68: =IF('Water Consmp.'!H7="","",'Water Consmp.'!H7) -> 12743 | H68: =IF('Water Consmp.'!I7="","",'Water Consmp.'!I7) -> 16086 | I68: =IF('Water Consmp.'!J7="","",'Water Consmp.'!J7) -> 15124 | ... M68: =IF('Water Consmp.'!N7="","",'Water Consmp.'!N7) | N68: =IF(COUNT(B68:M68)=0,"",SUM(B68:M68)) -> 116631 | O68: =IF(COUNT(B68:M68)=0,"",AVERAGE(B68:M68)) -> 12959
A69: AKSM | B69: =IF('Water Consmp.'!C19="","",'Water Consmp.'!C19) -> 435000 | C69: =IF('Water Consmp.'!D19="","",'Water Consmp.'!D19) -> 321000 | D69: =IF('Water Consmp.'!E19="","",'Water Consmp.'!E19) -> 209000 | E69: =IF('Water Consmp.'!F19="","",'Water Consmp.'!F19) -> 91000 | F69: =IF('Water Consmp.'!G19="","",'Water Consmp.'!G19) -> 165000 | G69: =IF('Water Consmp.'!H19="","",'Water Consmp.'!H19) -> 223000 | H69: =IF('Water Consmp.'!I19="","",'Water Consmp.'!I19) -> 185000 | I69: =IF('Water Consmp.'!J19="","",'Water Consmp.'!J19) | ... M69: =IF('Water Consmp.'!N19="","",'Water Consmp.'!N19) | N69: =IF(COUNT(B69:M69)=0,"",SUM(B69:M69)) -> 1629000 | O69: =IF(COUNT(B69:M69)=0,"",AVERAGE(B69:M69)) -> 232714.29
A70: AKSS | B70: =IF('Water Consmp.'!C11="","",'Water Consmp.'!C11) -> 48300 | C70: =IF('Water Consmp.'!D11="","",'Water Consmp.'!D11) -> 41200 | D70: =IF('Water Consmp.'!E11="","",'Water Consmp.'!E11) -> 51200 | E70: =IF('Water Consmp.'!F11="","",'Water Consmp.'!F11) -> 63600 | F70: =IF('Water Consmp.'!G11="","",'Water Consmp.'!G11) -> 33800 | G70: =IF('Water Consmp.'!H11="","",'Water Consmp.'!H11) -> 66300 | H70: =IF('Water Consmp.'!I11="","",'Water Consmp.'!I11) -> 12000 | I70: =IF('Water Consmp.'!J11="","",'Water Consmp.'!J11) -> 27900 | ... M70: =IF('Water Consmp.'!N11="","",'Water Consmp.'!N11) | N70: =IF(COUNT(B70:M70)=0,"",SUM(B70:M70)) -> 372200 | O70: =IF(COUNT(B70:M70)=0,"",AVERAGE(B70:M70)) -> 41355.556
A71: AKSC | B71: =IF('Water Consmp.'!C15="","",'Water Consmp.'!C15) -> 240000 | C71: =IF('Water Consmp.'!D15="","",'Water Consmp.'!D15) -> 220000 | D71: =IF('Water Consmp.'!E15="","",'Water Consmp.'!E15) -> 258000 | E71: =IF('Water Consmp.'!F15="","",'Water Consmp.'!F15) -> 280000 | F71: =IF('Water Consmp.'!G15="","",'Water Consmp.'!G15) -> 265000 | G71: =IF('Water Consmp.'!H15="","",'Water Consmp.'!H15) -> 240000 | H71: =IF('Water Consmp.'!I15="","",'Water Consmp.'!I15) -> 270000 | I71: =IF('Water Consmp.'!J15="","",'Water Consmp.'!J15) -> 255000 | ... M71: =IF('Water Consmp.'!N15="","",'Water Consmp.'!N15) | N71: =IF(COUNT(B71:M71)=0,"",SUM(B71:M71)) -> 2028000 | O71: =IF(COUNT(B71:M71)=0,"",AVERAGE(B71:M71)) -> 253500
A72: DJHSH (PRI) | B72: =IF('Water Consmp.'!C31="","",'Water Consmp.'!C31) -> 78000 | C72: =IF('Water Consmp.'!D31="","",'Water Consmp.'!D31) -> 81000 | D72: =IF('Water Consmp.'!E31="","",'Water Consmp.'!E31) -> 71940 | E72: =IF('Water Consmp.'!F31="","",'Water Consmp.'!F31) -> 65370 | F72: =IF('Water Consmp.'!G31="","",'Water Consmp.'!G31) -> 52650 | G72: =IF('Water Consmp.'!H31="","",'Water Consmp.'!H31) -> 47761 | H72: =IF('Water Consmp.'!I31="","",'Water Consmp.'!I31) -> 142210 | I72: =IF('Water Consmp.'!J31="","",'Water Consmp.'!J31) -> 85920 | ... M72: =IF('Water Consmp.'!N31="","",'Water Consmp.'!N31) | N72: =IF(COUNT(B72:M72)=0,"",SUM(B72:M72)) -> 702961 | O72: =IF(COUNT(B72:M72)=0,"",AVERAGE(B72:M72)) -> 78106.778
A73: DJHSH (HS) | B73: =IF('Water Consmp.'!C35="","",'Water Consmp.'!C35) -> 225000 | C73: =IF('Water Consmp.'!D35="","",'Water Consmp.'!D35) -> 174000 | D73: =IF('Water Consmp.'!E35="","",'Water Consmp.'!E35) -> 130000 | E73: =IF('Water Consmp.'!F35="","",'Water Consmp.'!F35) -> 165000 | F73: =IF('Water Consmp.'!G35="","",'Water Consmp.'!G35) -> 66400 | G73: =IF('Water Consmp.'!H35="","",'Water Consmp.'!H35) -> 107400 | H73: =IF('Water Consmp.'!I35="","",'Water Consmp.'!I35) -> 168800 | I73: =IF('Water Consmp.'!J35="","",'Water Consmp.'!J35) -> 169700 | ... M73: =IF('Water Consmp.'!N35="","",'Water Consmp.'!N35) | N73: =IF(COUNT(B73:M73)=0,"",SUM(B73:M73)) -> 1347600 | O73: =IF(COUNT(B73:M73)=0,"",AVERAGE(B73:M73)) -> 149733.33
A74: PJHSW | B74: =IF('Water Consmp.'!C23="","",'Water Consmp.'!C23) -> 558700 | C74: =IF('Water Consmp.'!D23="","",'Water Consmp.'!D23) -> 569000 | D74: =IF('Water Consmp.'!E23="","",'Water Consmp.'!E23) -> 565238 | E74: =IF('Water Consmp.'!F23="","",'Water Consmp.'!F23) -> 380900 | F74: =IF('Water Consmp.'!G23="","",'Water Consmp.'!G23) -> 256875 | G74: =IF('Water Consmp.'!H23="","",'Water Consmp.'!H23) -> 446000 | H74: =IF('Water Consmp.'!I23="","",'Water Consmp.'!I23) -> 659000 | I74: =IF('Water Consmp.'!J23="","",'Water Consmp.'!J23) -> 669440 | ... M74: =IF('Water Consmp.'!N23="","",'Water Consmp.'!N23) | N74: =IF(COUNT(B74:M74)=0,"",SUM(B74:M74)) -> 4804153 | O74: =IF(COUNT(B74:M74)=0,"",AVERAGE(B74:M74)) -> 533794.78
A75: LSHSA | B75: =IF('Water Consmp.'!C27="","",'Water Consmp.'!C27) -> 333860 | C75: =IF('Water Consmp.'!D27="","",'Water Consmp.'!D27) -> 264500 | D75: =IF('Water Consmp.'!E27="","",'Water Consmp.'!E27) -> 432756 | E75: =IF('Water Consmp.'!F27="","",'Water Consmp.'!F27) -> 248950 | F75: =IF('Water Consmp.'!G27="","",'Water Consmp.'!G27) -> 117348 | G75: =IF('Water Consmp.'!H27="","",'Water Consmp.'!H27) -> 288354 | H75: =IF('Water Consmp.'!I27="","",'Water Consmp.'!I27) -> 402336 | I75: =IF('Water Consmp.'!J27="","",'Water Consmp.'!J27) -> 435889 | ... M75: =IF('Water Consmp.'!N27="","",'Water Consmp.'!N27) | N75: =IF(COUNT(B75:M75)=0,"",SUM(B75:M75)) -> 2980323 | O75: =IF(COUNT(B75:M75)=0,"",AVERAGE(B75:M75)) -> 331147
A76: AKHH | B76: =IF('Water Consmp.'!C39="","",'Water Consmp.'!C39) -> 1351000 | C76: =IF('Water Consmp.'!D39="","",'Water Consmp.'!D39) -> 1351000 | D76: =IF('Water Consmp.'!E39="","",'Water Consmp.'!E39) -> 880000 | E76: =IF('Water Consmp.'!F39="","",'Water Consmp.'!F39) -> 779000 | F76: =IF('Water Consmp.'!G39="","",'Water Consmp.'!G39) -> 1051000 | G76: =IF('Water Consmp.'!H39="","",'Water Consmp.'!H39) -> 1721000 | H76: =IF('Water Consmp.'!I39="","",'Water Consmp.'!I39) -> 1929000 | I76: =IF('Water Consmp.'!J39="","",'Water Consmp.'!J39) -> 1634000 | ... M76: =IF('Water Consmp.'!N39="","",'Water Consmp.'!N39) | N76: =IF(COUNT(B76:M76)=0,"",SUM(B76:M76)) -> 12284000 | O76: =IF(COUNT(B76:M76)=0,"",AVERAGE(B76:M76)) -> 1364888.9
A77: All Schools | B77: =IF(COUNT(B67:B76)=0,"",SUM(B67:B76)) -> 3344444 | C77: =IF(COUNT(C67:C76)=0,"",SUM(C67:C76)) -> 3095157 | D77: =IF(COUNT(D67:D76)=0,"",SUM(D67:D76)) -> 2667797 | E77: =IF(COUNT(E67:E76)=0,"",SUM(E67:E76)) -> 2136767 | F77: =IF(COUNT(F67:F76)=0,"",SUM(F67:F76)) -> 2081964 | G77: =IF(COUNT(G67:G76)=0,"",SUM(G67:G76)) -> 3192958 | H77: =IF(COUNT(H67:H76)=0,"",SUM(H67:H76)) -> 3834932 | I77: =IF(COUNT(I67:I76)=0,"",SUM(I67:I76)) -> 3336373 | ... O77: =IF(COUNT(O67:O76)=0,"",SUM(O67:O76)) -> 3050633
A78: Schools reporting (N = months logged) | B78: =COUNT(B67:B76) -> 10 | C78: =COUNT(C67:C76) -> 10 | D78: =COUNT(D67:D76) -> 10 | E78: =COUNT(E67:E76) -> 10 | F78: =COUNT(F67:F76) -> 10 | G78: =COUNT(G67:G76) -> 10 | H78: =COUNT(H67:H76) -> 10 | I78: =COUNT(I67:I76) -> 9 | ... M78: =COUNT(M67:M76) -> 0 | N78: =COUNT(B77:M77) -> 9
A80: A5. Pupils (as logged on Water Consmp.)
A81: School | B81: Jan-26 | C81: Feb-26 | D81: Mar-26 | E81: Apr-26 | F81: May-26 | G81: Jun-26 | H81: Jul-26 | I81: Aug-26 | J81: Sep-26 | K81: Oct-26 | L81: Nov-26 | M81: Dec-26 | N81: 2026 YTD | O81: Avg per logged month
A82: DJHSM | B82: =IF('Water Consmp.'!C4="","",'Water Consmp.'!C4) -> 1271 | C82: =IF('Water Consmp.'!D4="","",'Water Consmp.'!D4) -> 1241 | D82: =IF('Water Consmp.'!E4="","",'Water Consmp.'!E4) -> 1240 | E82: =IF('Water Consmp.'!F4="","",'Water Consmp.'!F4) -> 1240 | F82: =IF('Water Consmp.'!G4="","",'Water Consmp.'!G4) -> 41 | G82: =IF('Water Consmp.'!H4="","",'Water Consmp.'!H4) -> 1183 | H82: =IF('Water Consmp.'!I4="","",'Water Consmp.'!I4) -> 1196 | I82: =IF('Water Consmp.'!J4="","",'Water Consmp.'!J4) -> 1203 | ... M82: =IF('Water Consmp.'!N4="","",'Water Consmp.'!N4) | N82: =IF(COUNT(B82:M82)=0,"",AVERAGE(B82:M82)) -> 1091.3333 | O82: =IF(COUNT(B82:M82)=0,"",AVERAGE(B82:M82)) -> 1091.3333
A83: DJG | B83: =IF('Water Consmp.'!C8="","",'Water Consmp.'!C8) -> 1010 | C83: =IF('Water Consmp.'!D8="","",'Water Consmp.'!D8) -> 1010 | D83: =IF('Water Consmp.'!E8="","",'Water Consmp.'!E8) -> 1010 | E83: =IF('Water Consmp.'!F8="","",'Water Consmp.'!F8) -> 1008 | F83: =IF('Water Consmp.'!G8="","",'Water Consmp.'!G8) -> 20 | G83: =IF('Water Consmp.'!H8="","",'Water Consmp.'!H8) -> 1019 | H83: =IF('Water Consmp.'!I8="","",'Water Consmp.'!I8) -> 1020 | I83: =IF('Water Consmp.'!J8="","",'Water Consmp.'!J8) -> 1020 | ... M83: =IF('Water Consmp.'!N8="","",'Water Consmp.'!N8) | N83: =IF(COUNT(B83:M83)=0,"",AVERAGE(B83:M83)) -> 904.11111 | O83: =IF(COUNT(B83:M83)=0,"",AVERAGE(B83:M83)) -> 904.11111
A84: AKSM | B84: =IF('Water Consmp.'!C20="","",'Water Consmp.'!C20) -> 811 | C84: =IF('Water Consmp.'!D20="","",'Water Consmp.'!D20) -> 811 | D84: =IF('Water Consmp.'!E20="","",'Water Consmp.'!E20) -> 756 | E84: =IF('Water Consmp.'!F20="","",'Water Consmp.'!F20) -> 756 | F84: =IF('Water Consmp.'!G20="","",'Water Consmp.'!G20) -> 756 | G84: =IF('Water Consmp.'!H20="","",'Water Consmp.'!H20) -> 756 | H84: =IF('Water Consmp.'!I20="","",'Water Consmp.'!I20) -> 826 | I84: =IF('Water Consmp.'!J20="","",'Water Consmp.'!J20) | ... M84: =IF('Water Consmp.'!N20="","",'Water Consmp.'!N20) | N84: =IF(COUNT(B84:M84)=0,"",AVERAGE(B84:M84)) -> 781.71429 | O84: =IF(COUNT(B84:M84)=0,"",AVERAGE(B84:M84)) -> 781.71429
A85: AKSS | B85: =IF('Water Consmp.'!C12="","",'Water Consmp.'!C12) -> 505 | C85: =IF('Water Consmp.'!D12="","",'Water Consmp.'!D12) -> 505 | D85: =IF('Water Consmp.'!E12="","",'Water Consmp.'!E12) -> 505 | E85: =IF('Water Consmp.'!F12="","",'Water Consmp.'!F12) -> 505 | F85: =IF('Water Consmp.'!G12="","",'Water Consmp.'!G12) -> 25 | G85: =IF('Water Consmp.'!H12="","",'Water Consmp.'!H12) -> 530 | H85: =IF('Water Consmp.'!I12="","",'Water Consmp.'!I12) -> 530 | I85: =IF('Water Consmp.'!J12="","",'Water Consmp.'!J12) -> 530 | ... M85: =IF('Water Consmp.'!N12="","",'Water Consmp.'!N12) | N85: =IF(COUNT(B85:M85)=0,"",AVERAGE(B85:M85)) -> 462.77778 | O85: =IF(COUNT(B85:M85)=0,"",AVERAGE(B85:M85)) -> 462.77778
A86: AKSC | B86: =IF('Water Consmp.'!C16="","",'Water Consmp.'!C16) -> 347 | C86: =IF('Water Consmp.'!D16="","",'Water Consmp.'!D16) -> 345 | D86: =IF('Water Consmp.'!E16="","",'Water Consmp.'!E16) -> 345 | E86: =IF('Water Consmp.'!F16="","",'Water Consmp.'!F16) -> 345 | F86: =IF('Water Consmp.'!G16="","",'Water Consmp.'!G16) -> 345 | G86: =IF('Water Consmp.'!H16="","",'Water Consmp.'!H16) -> 362 | H86: =IF('Water Consmp.'!I16="","",'Water Consmp.'!I16) -> 370 | I86: =IF('Water Consmp.'!J16="","",'Water Consmp.'!J16) -> 370 | ... M86: =IF('Water Consmp.'!N16="","",'Water Consmp.'!N16) | N86: =IF(COUNT(B86:M86)=0,"",AVERAGE(B86:M86)) -> 353.625 | O86: =IF(COUNT(B86:M86)=0,"",AVERAGE(B86:M86)) -> 353.625
A87: DJHSH (PRI) | B87: =IF('Water Consmp.'!C32="","",'Water Consmp.'!C32) -> 300 | C87: =IF('Water Consmp.'!D32="","",'Water Consmp.'!D32) -> 300 | D87: =IF('Water Consmp.'!E32="","",'Water Consmp.'!E32) -> 300 | E87: =IF('Water Consmp.'!F32="","",'Water Consmp.'!F32) -> 300 | F87: =IF('Water Consmp.'!G32="","",'Water Consmp.'!G32) -> 10 | G87: =IF('Water Consmp.'!H32="","",'Water Consmp.'!H32) -> 288 | H87: =IF('Water Consmp.'!I32="","",'Water Consmp.'!I32) -> 288 | I87: =IF('Water Consmp.'!J32="","",'Water Consmp.'!J32) -> 288 | ... M87: =IF('Water Consmp.'!N32="","",'Water Consmp.'!N32) | N87: =IF(COUNT(B87:M87)=0,"",AVERAGE(B87:M87)) -> 262.44444 | O87: =IF(COUNT(B87:M87)=0,"",AVERAGE(B87:M87)) -> 262.44444
A88: DJHSH (HS) | B88: =IF('Water Consmp.'!C36="","",'Water Consmp.'!C36) -> 560 | C88: =IF('Water Consmp.'!D36="","",'Water Consmp.'!D36) -> 560 | D88: =IF('Water Consmp.'!E36="","",'Water Consmp.'!E36) -> 560 | E88: =IF('Water Consmp.'!F36="","",'Water Consmp.'!F36) -> 560 | F88: =IF('Water Consmp.'!G36="","",'Water Consmp.'!G36) -> 20 | G88: =IF('Water Consmp.'!H36="","",'Water Consmp.'!H36) -> 600 | H88: =IF('Water Consmp.'!I36="","",'Water Consmp.'!I36) -> 600 | I88: =IF('Water Consmp.'!J36="","",'Water Consmp.'!J36) -> 600 | ... M88: =IF('Water Consmp.'!N36="","",'Water Consmp.'!N36) | N88: =IF(COUNT(B88:M88)=0,"",AVERAGE(B88:M88)) -> 517.77778 | O88: =IF(COUNT(B88:M88)=0,"",AVERAGE(B88:M88)) -> 517.77778
A89: PJHSW | B89: =IF('Water Consmp.'!C24="","",'Water Consmp.'!C24) -> 1445 | C89: =IF('Water Consmp.'!D24="","",'Water Consmp.'!D24) -> 1445 | D89: =IF('Water Consmp.'!E24="","",'Water Consmp.'!E24) -> 1445 | E89: =IF('Water Consmp.'!F24="","",'Water Consmp.'!F24) -> 1445 | F89: =IF('Water Consmp.'!G24="","",'Water Consmp.'!G24) -> 1445 | G89: =IF('Water Consmp.'!H24="","",'Water Consmp.'!H24) -> 1384 | H89: =IF('Water Consmp.'!I24="","",'Water Consmp.'!I24) -> 1400 | I89: =IF('Water Consmp.'!J24="","",'Water Consmp.'!J24) -> 1400 | ... M89: =IF('Water Consmp.'!N24="","",'Water Consmp.'!N24) | N89: =IF(COUNT(B89:M89)=0,"",AVERAGE(B89:M89)) -> 1425.6667 | O89: =IF(COUNT(B89:M89)=0,"",AVERAGE(B89:M89)) -> 1425.6667
A90: LSHSA | B90: =IF('Water Consmp.'!C28="","",'Water Consmp.'!C28) -> 1229 | C90: =IF('Water Consmp.'!D28="","",'Water Consmp.'!D28) -> 1229 | D90: =IF('Water Consmp.'!E28="","",'Water Consmp.'!E28) -> 1229 | E90: =IF('Water Consmp.'!F28="","",'Water Consmp.'!F28) -> 1229 | F90: =IF('Water Consmp.'!G28="","",'Water Consmp.'!G28) -> 22 | G90: =IF('Water Consmp.'!H28="","",'Water Consmp.'!H28) -> 1151 | H90: =IF('Water Consmp.'!I28="","",'Water Consmp.'!I28) -> 1154 | I90: =IF('Water Consmp.'!J28="","",'Water Consmp.'!J28) -> 1154 | ... M90: =IF('Water Consmp.'!N28="","",'Water Consmp.'!N28) | N90: =IF(COUNT(B90:M90)=0,"",AVERAGE(B90:M90)) -> 1061.2222 | O90: =IF(COUNT(B90:M90)=0,"",AVERAGE(B90:M90)) -> 1061.2222
A91: AKHH | B91: =IF('Water Consmp.'!C40="","",'Water Consmp.'!C40) -> 140 | C91: =IF('Water Consmp.'!D40="","",'Water Consmp.'!D40) -> 140 | D91: =IF('Water Consmp.'!E40="","",'Water Consmp.'!E40) -> 140 | E91: =IF('Water Consmp.'!F40="","",'Water Consmp.'!F40) -> 140 | F91: =IF('Water Consmp.'!G40="","",'Water Consmp.'!G40) -> 90 | G91: =IF('Water Consmp.'!H40="","",'Water Consmp.'!H40) -> 153 | H91: =IF('Water Consmp.'!I40="","",'Water Consmp.'!I40) -> 153 | I91: =IF('Water Consmp.'!J40="","",'Water Consmp.'!J40) -> 153 | ... M91: =IF('Water Consmp.'!N40="","",'Water Consmp.'!N40) | N91: =IF(COUNT(B91:M91)=0,"",AVERAGE(B91:M91)) -> 140.22222 | O91: =IF(COUNT(B91:M91)=0,"",AVERAGE(B91:M91)) -> 140.22222
A92: All Schools | B92: =IF(COUNT(B82:B91)=0,"",SUM(B82:B91)) -> 7618 | C92: =IF(COUNT(C82:C91)=0,"",SUM(C82:C91)) -> 7586 | D92: =IF(COUNT(D82:D91)=0,"",SUM(D82:D91)) -> 7530 | E92: =IF(COUNT(E82:E91)=0,"",SUM(E82:E91)) -> 7528 | F92: =IF(COUNT(F82:F91)=0,"",SUM(F82:F91)) -> 2774 | G92: =IF(COUNT(G82:G91)=0,"",SUM(G82:G91)) -> 7426 | H92: =IF(COUNT(H82:H91)=0,"",SUM(H82:H91)) -> 7537 | I92: =IF(COUNT(I82:I91)=0,"",SUM(I82:I91)) -> 6718 | ... M92: =IF(COUNT(M82:M91)=0,"",SUM(M82:M91)) | N92: =IF(COUNT(B92:M92)=0,"",AVERAGE(B92:M92)) -> 6787.8889 | O92: =IF(COUNT(O82:O91)=0,"",SUM(O82:O91)) -> 7000.8948
A93: Schools reporting (N = months logged) | B93: =COUNT(B82:B91) -> 10 | C93: =COUNT(C82:C91) -> 10 | D93: =COUNT(D82:D91) -> 10 | E93: =COUNT(E82:E91) -> 10 | F93: =COUNT(F82:F91) -> 10 | G93: =COUNT(G82:G91) -> 10 | H93: =COUNT(H82:H91) -> 10 | I93: =COUNT(I82:I91) -> 9 | ... M93: =COUNT(M82:M91) -> 0 | N93: =COUNT(B92:M92) -> 9
A95: A6. Pupil-days (pupils × days, months with a water reading)
A96: School | B96: Jan-26 | C96: Feb-26 | D96: Mar-26 | E96: Apr-26 | F96: May-26 | G96: Jun-26 | H96: Jul-26 | I96: Aug-26 | J96: Sep-26 | K96: Oct-26 | L96: Nov-26 | M96: Dec-26 | N96: 2026 YTD | O96: Avg per logged month
A97: DJHSM | B97: =IF(OR(B67="",B82=""),"",B82*$F$4) -> 39401 | C97: =IF(OR(C67="",C82=""),"",C82*$F$5) -> 34748 | D97: =IF(OR(D67="",D82=""),"",D82*$F$6) -> 38440 | E97: =IF(OR(E67="",E82=""),"",E82*$F$7) -> 37200 | F97: =IF(OR(F67="",F82=""),"",F82*$F$8) -> 1271 | G97: =IF(OR(G67="",G82=""),"",G82*$F$9) -> 35490 | H97: =IF(OR(H67="",H82=""),"",H82*$F$10) -> 37076 | I97: =IF(OR(I67="",I82=""),"",I82*$F$11) -> 37293 | J97: =IF(OR(J67="",J82=""),"",J82*$F$12) -> 36210 | K97: =IF(OR(K67="",K82=""),"",K82*$F$13) | L97: =IF(OR(L67="",L82=""),"",L82*$F$14) | M97: =IF(OR(M67="",M82=""),"",M82*$F$15) | N97: =IF(COUNT(B97:M97)=0,"",SUM(B97:M97)) -> 297129 | O97: =IF(COUNT(B97:M97)=0,"",AVERAGE(B97:M97)) -> 33014.333
A98: DJG | B98: =IF(OR(B68="",B83=""),"",B83*$F$4) -> 31310 | C98: =IF(OR(C68="",C83=""),"",C83*$F$5) -> 28280 | D98: =IF(OR(D68="",D83=""),"",D83*$F$6) -> 31310 | E98: =IF(OR(E68="",E83=""),"",E83*$F$7) -> 30240 | F98: =IF(OR(F68="",F83=""),"",F83*$F$8) -> 620 | G98: =IF(OR(G68="",G83=""),"",G83*$F$9) -> 30570 | H98: =IF(OR(H68="",H83=""),"",H83*$F$10) -> 31620 | I98: =IF(OR(I68="",I83=""),"",I83*$F$11) -> 31620 | J98: =IF(OR(J68="",J83=""),"",J83*$F$12) -> 30600 | K98: =IF(OR(K68="",K83=""),"",K83*$F$13) | L98: =IF(OR(L68="",L83=""),"",L83*$F$14) | M98: =IF(OR(M68="",M83=""),"",M83*$F$15) | N98: =IF(COUNT(B98:M98)=0,"",SUM(B98:M98)) -> 246170 | O98: =IF(COUNT(B98:M98)=0,"",AVERAGE(B98:M98)) -> 27352.222
A99: AKSM | B99: =IF(OR(B69="",B84=""),"",B84*$F$4) -> 25141 | C99: =IF(OR(C69="",C84=""),"",C84*$F$5) -> 22708 | D99: =IF(OR(D69="",D84=""),"",D84*$F$6) -> 23436 | E99: =IF(OR(E69="",E84=""),"",E84*$F$7) -> 22680 | F99: =IF(OR(F69="",F84=""),"",F84*$F$8) -> 23436 | G99: =IF(OR(G69="",G84=""),"",G84*$F$9) -> 22680 | H99: =IF(OR(H69="",H84=""),"",H84*$F$10) -> 25606 | I99: =IF(OR(I69="",I84=""),"",I84*$F$11) | J99: =IF(OR(J69="",J84=""),"",J84*$F$12) | K99: =IF(OR(K69="",K84=""),"",K84*$F$13) | L99: =IF(OR(L69="",L84=""),"",L84*$F$14) | M99: =IF(OR(M69="",M84=""),"",M84*$F$15) | N99: =IF(COUNT(B99:M99)=0,"",SUM(B99:M99)) -> 165687 | O99: =IF(COUNT(B99:M99)=0,"",AVERAGE(B99:M99)) -> 23669.571
A100: AKSS | B100: =IF(OR(B70="",B85=""),"",B85*$F$4) -> 15655 | C100: =IF(OR(C70="",C85=""),"",C85*$F$5) -> 14140 | D100: =IF(OR(D70="",D85=""),"",D85*$F$6) -> 15655 | E100: =IF(OR(E70="",E85=""),"",E85*$F$7) -> 15150 | F100: =IF(OR(F70="",F85=""),"",F85*$F$8) -> 775 | G100: =IF(OR(G70="",G85=""),"",G85*$F$9) -> 15900 | H100: =IF(OR(H70="",H85=""),"",H85*$F$10) -> 16430 | I100: =IF(OR(I70="",I85=""),"",I85*$F$11) -> 16430 | J100: =IF(OR(J70="",J85=""),"",J85*$F$12) -> 15900 | K100: =IF(OR(K70="",K85=""),"",K85*$F$13) | L100: =IF(OR(L70="",L85=""),"",L85*$F$14) | M100: =IF(OR(M70="",M85=""),"",M85*$F$15) | N100: =IF(COUNT(B100:M100)=0,"",SUM(B100:M100)) -> 126035 | O100: =IF(COUNT(B100:M100)=0,"",AVERAGE(B100:M100)) -> 14003.889
A101: AKSC | B101: =IF(OR(B71="",B86=""),"",B86*$F$4) -> 10757 | C101: =IF(OR(C71="",C86=""),"",C86*$F$5) -> 9660 | D101: =IF(OR(D71="",D86=""),"",D86*$F$6) -> 10695 | E101: =IF(OR(E71="",E86=""),"",E86*$F$7) -> 10350 | F101: =IF(OR(F71="",F86=""),"",F86*$F$8) -> 10695 | G101: =IF(OR(G71="",G86=""),"",G86*$F$9) -> 10860 | H101: =IF(OR(H71="",H86=""),"",H86*$F$10) -> 11470 | I101: =IF(OR(I71="",I86=""),"",I86*$F$11) -> 11470 | J101: =IF(OR(J71="",J86=""),"",J86*$F$12) | K101: =IF(OR(K71="",K86=""),"",K86*$F$13) | L101: =IF(OR(L71="",L86=""),"",L86*$F$14) | M101: =IF(OR(M71="",M86=""),"",M86*$F$15) | N101: =IF(COUNT(B101:M101)=0,"",SUM(B101:M101)) -> 85957 | O101: =IF(COUNT(B101:M101)=0,"",AVERAGE(B101:M101)) -> 10744.625
A102: DJHSH (PRI) | B102: =IF(OR(B72="",B87=""),"",B87*$F$4) -> 9300 | C102: =IF(OR(C72="",C87=""),"",C87*$F$5) -> 8400 | D102: =IF(OR(D72="",D87=""),"",D87*$F$6) -> 9300 | E102: =IF(OR(E72="",E87=""),"",E87*$F$7) -> 9000 | F102: =IF(OR(F72="",F87=""),"",F87*$F$8) -> 310 | G102: =IF(OR(G72="",G87=""),"",G87*$F$9) -> 8640 | H102: =IF(OR(H72="",H87=""),"",H87*$F$10) -> 8928 | I102: =IF(OR(I72="",I87=""),"",I87*$F$11) -> 8928 | J102: =IF(OR(J72="",J87=""),"",J87*$F$12) -> 8640 | K102: =IF(OR(K72="",K87=""),"",K87*$F$13) | L102: =IF(OR(L72="",L87=""),"",L87*$F$14) | M102: =IF(OR(M72="",M87=""),"",M87*$F$15) | N102: =IF(COUNT(B102:M102)=0,"",SUM(B102:M102)) -> 71446 | O102: =IF(COUNT(B102:M102)=0,"",AVERAGE(B102:M102)) -> 7938.4444
A103: DJHSH (HS) | B103: =IF(OR(B73="",B88=""),"",B88*$F$4) -> 17360 | C103: =IF(OR(C73="",C88=""),"",C88*$F$5) -> 15680 | D103: =IF(OR(D73="",D88=""),"",D88*$F$6) -> 17360 | E103: =IF(OR(E73="",E88=""),"",E88*$F$7) -> 16800 | F103: =IF(OR(F73="",F88=""),"",F88*$F$8) -> 620 | G103: =IF(OR(G73="",G88=""),"",G88*$F$9) -> 18000 | H103: =IF(OR(H73="",H88=""),"",H88*$F$10) -> 18600 | I103: =IF(OR(I73="",I88=""),"",I88*$F$11) -> 18600 | J103: =IF(OR(J73="",J88=""),"",J88*$F$12) -> 18000 | K103: =IF(OR(K73="",K88=""),"",K88*$F$13) | L103: =IF(OR(L73="",L88=""),"",L88*$F$14) | M103: =IF(OR(M73="",M88=""),"",M88*$F$15) | N103: =IF(COUNT(B103:M103)=0,"",SUM(B103:M103)) -> 141020 | O103: =IF(COUNT(B103:M103)=0,"",AVERAGE(B103:M103)) -> 15668.889
A104: PJHSW | B104: =IF(OR(B74="",B89=""),"",B89*$F$4) -> 44795 | C104: =IF(OR(C74="",C89=""),"",C89*$F$5) -> 40460 | D104: =IF(OR(D74="",D89=""),"",D89*$F$6) -> 44795 | E104: =IF(OR(E74="",E89=""),"",E89*$F$7) -> 43350 | F104: =IF(OR(F74="",F89=""),"",F89*$F$8) -> 44795 | G104: =IF(OR(G74="",G89=""),"",G89*$F$9) -> 41520 | H104: =IF(OR(H74="",H89=""),"",H89*$F$10) -> 43400 | I104: =IF(OR(I74="",I89=""),"",I89*$F$11) -> 43400 | J104: =IF(OR(J74="",J89=""),"",J89*$F$12) -> 42660 | K104: =IF(OR(K74="",K89=""),"",K89*$F$13) | L104: =IF(OR(L74="",L89=""),"",L89*$F$14) | M104: =IF(OR(M74="",M89=""),"",M89*$F$15) | N104: =IF(COUNT(B104:M104)=0,"",SUM(B104:M104)) -> 389175 | O104: =IF(COUNT(B104:M104)=0,"",AVERAGE(B104:M104)) -> 43241.667
A105: LSHSA | B105: =IF(OR(B75="",B90=""),"",B90*$F$4) -> 38099 | C105: =IF(OR(C75="",C90=""),"",C90*$F$5) -> 34412 | D105: =IF(OR(D75="",D90=""),"",D90*$F$6) -> 38099 | E105: =IF(OR(E75="",E90=""),"",E90*$F$7) -> 36870 | F105: =IF(OR(F75="",F90=""),"",F90*$F$8) -> 682 | G105: =IF(OR(G75="",G90=""),"",G90*$F$9) -> 34530 | H105: =IF(OR(H75="",H90=""),"",H90*$F$10) -> 35774 | I105: =IF(OR(I75="",I90=""),"",I90*$F$11) -> 35774 | J105: =IF(OR(J75="",J90=""),"",J90*$F$12) -> 34620 | K105: =IF(OR(K75="",K90=""),"",K90*$F$13) | L105: =IF(OR(L75="",L90=""),"",L90*$F$14) | M105: =IF(OR(M75="",M90=""),"",M90*$F$15) | N105: =IF(COUNT(B105:M105)=0,"",SUM(B105:M105)) -> 288860 | O105: =IF(COUNT(B105:M105)=0,"",AVERAGE(B105:M105)) -> 32095.556
A106: AKHH | B106: =IF(OR(B76="",B91=""),"",B91*$F$4) -> 4340 | C106: =IF(OR(C76="",C91=""),"",C91*$F$5) -> 3920 | D106: =IF(OR(D76="",D91=""),"",D91*$F$6) -> 4340 | E106: =IF(OR(E76="",E91=""),"",E91*$F$7) -> 4200 | F106: =IF(OR(F76="",F91=""),"",F91*$F$8) -> 2790 | G106: =IF(OR(G76="",G91=""),"",G91*$F$9) -> 4590 | H106: =IF(OR(H76="",H91=""),"",H91*$F$10) -> 4743 | I106: =IF(OR(I76="",I91=""),"",I91*$F$11) -> 4743 | J106: =IF(OR(J76="",J91=""),"",J91*$F$12) -> 4590 | K106: =IF(OR(K76="",K91=""),"",K91*$F$13) | L106: =IF(OR(L76="",L91=""),"",L91*$F$14) | M106: =IF(OR(M76="",M91=""),"",M91*$F$15) | N106: =IF(COUNT(B106:M106)=0,"",SUM(B106:M106)) -> 38256 | O106: =IF(COUNT(B106:M106)=0,"",AVERAGE(B106:M106)) -> 4250.6667
A107: All Schools | B107: =IF(COUNT(B97:B106)=0,"",SUM(B97:B106)) -> 236158 | C107: =IF(COUNT(C97:C106)=0,"",SUM(C97:C106)) -> 212408 | D107: =IF(COUNT(D97:D106)=0,"",SUM(D97:D106)) -> 233430 | E107: =IF(COUNT(E97:E106)=0,"",SUM(E97:E106)) -> 225840 | F107: =IF(COUNT(F97:F106)=0,"",SUM(F97:F106)) -> 85994 | G107: =IF(COUNT(G97:G106)=0,"",SUM(G97:G106)) -> 222780 | H107: =IF(COUNT(H97:H106)=0,"",SUM(H97:H106)) -> 233647 | I107: =IF(COUNT(I97:I106)=0,"",SUM(I97:I106)) -> 208258 | ... O107: =IF(COUNT(O97:O106)=0,"",SUM(O97:O106)) -> 211979.86
A108: Schools reporting (N = months logged) | B108: =COUNT(B97:B106) -> 10 | C108: =COUNT(C97:C106) -> 10 | D108: =COUNT(D97:D106) -> 10 | E108: =COUNT(E97:E106) -> 10 | F108: =COUNT(F97:F106) -> 10 | G108: =COUNT(G97:G106) -> 10 | H108: =COUNT(H97:H106) -> 10 | I108: =COUNT(I97:I106) -> 9 | ... M108: =COUNT(M97:M106) -> 0 | N108: =COUNT(B107:M107) -> 9
A110: A7. Pupil-months (pupils, months with an electricity reading)
...
